601
736
580
581
601
737
580
1946105440
424
425
424
424
424
425
424
424
424
425
424
424
425
424
424
424
437
580
870
580
425
454
580
425
424
424
425
424
436
581
424
424
464
580
424
425
424
446
646
758
1048
436
581
454
580
446
580
455
580
455
580
424
425
424
437
580
424
424
8512
424
425
445
581
445
581
436
580
463
580
437
580
454
580
424
424
446
580
424
425
424
424
455
580
424
850
581
424
437
580
424
437
580
424
424
425
424
424
464
580
424
424
425
424
424
424
425
463
580
424
425
424
424
424
446
580
424
424
455
580
425
424
424
446
580
424
454
580
424
464
580
424
424
464
580
424
424
446
580
424
425
424
424
463
581
424
424
437
580
424
424
425
424
424
424
424
437
580
425
424
445
593
736
424
425
424
424
424
424
425
424
424
424
424
425
424
446
580
424
424
424
425
424
424
424
425
424
424
424
424
463
581
424
437
580
454
581
424
424
424
425
445
581
462
580
425
463
580
437
580
446
592
737
424
424
454
580
424
446
580
424
425
424
424
446
580
424
424
425
463
580
425
424
424
424
8179
581
424
424
425
424
424
18446744073709544307
445
581
424
655
580
463
581
424
454
581
424
424
425
424
424
424
455
580
1485
2544
1097
1048
424
425
424
424
424
425
424
424
425
454
580
424
455
580
424
424
425
424
453
581
424
8736
424
425
424
424
424
425
424
424
424
425
424
424
425
424
463
581
424
424
424
437
580
425
424
436
581
424
424
446
645
737
424
424
454
581
424
463
581
424
424
437
580
425
454
580
424
425
424
424
424
425
424
463
580
424
425
445
581
424
424
424
446
592
737
454
602
766
1069
1981
424
424
424
424
446
580
425
424
424
424
464
580
425
424
424
424
425
424
424
463
580
425
424
445
581
424
424
446
592
737
886
581
454
580
446
655
736
425
424
424
424
425
463
580
424
424
425
424
424
424
424
437
580
425
424
436
581
436
619
737
436
581
454
581
424
424
445
581
454
593
784
1048
425
424
446
580
437
580
437
637
736
424
425
424
424
424
425
424
424
464
2240
2619
2121
2028
1981
453
581
424
436
581
424
424
703
424
425
424
436
581
445
581
424
424
849
445
580
425
424
424
424
446
580
425
424
424
424
425
424
424
424
425
424
424
425
424
424
424
424
425
424
424
424
425
424
424
437
580
9168
424
424
437
580
424
425
424
424
424
424
437
580
425
424
424
424
888
580
445
581
424
424
424
437
580
424
425
436
580
425
424
424
424
425
424
424
425
445
580
861
580
425
424
424
425
424
481
580
424
425
424
424
424
425
424
424
424
425
424
424
424
425
424
437
580
424
424
424
425
424
424
424
437
580
425
424
424
424
424
425
424
454
581
463
580
425
436
581
453
580
425
424
424
424
425
445
580
425
424
424
455
1004
424
425
424
424
424
425
424
424
424
425
436
580
425
424
424
424
425
424
4164
424
424
425
424
464
580
634
1547
1475
2014
1980
425
424
424
424
397
482
580
577
424
424
425
436
580
425
424
424
2568
580
424
424
425
424
424
424
425
424
424
424
425
453
581
887
580
425
424
424
425
436
580
425
424
424
463
580
425
454
580
425
424
424
424
425
424
424
424
425
424
454
581
424
424
424
425
424
424
424
425
424
424
446
580
424
424
425
424
454
580
425
424
424
424
425
9307
481
580
424
425
424
437
580
424
424
425
424
424
424
425
517
580
425
424
424
425
424
463
581
436
580
425
424
607
581
424
424
424
425
436
637
736
425
454
580
425
424
424
425
463
580
425
445
580
437
580
424
424
425
424
424
424
425
454
580
424
464
580
424
455
580
424
425
424
424
424
425
436
580
425
424
455
580
424
424
425
424
424
424
464
580
425
424
445
581
445
580
425
424
424
424
425
424
445
581
424
424
425
424
424
424
424
425
424
424
425
445
638
1261
5699
1981
424
424
424
425
424
424
424
425
424
424
425
424
424
424
424
425
424
446
580
424
424
425
424
424
424
425
424
424
437
580
424
425
445
581
424
424
424
518
580
424
425
424
424
425
424
424
424
437
580
424
425
436
581
424
888
580
424
424
425
436
580
425
424
424
424
425
424
424
424
464
580
425
424
436
581
424
424
425
424
424
424
425
424
424
424
425
424
424
424
425
424
455
580
424
437
580
463
580
424
424
425
606
581
424
424
425
424
424
424
424
425
424
424
425
424
424
9201
454
581
436
581
436
580
425
424
424
424
425
424
424
424
424
425
445
581
424
424
424
424
425
424
424
424
454
581
424
436
581
424
424
424
425
424
424
424
425
424
424
424
425
445
581
424
424
424
425
424
424
425
424
424
424
425
1219
3457
580
424
671
610
736
424
425
424
424
425
424
424
424
425
712
425
424
424
424
425
424
437
580
424
424
425
424
424
424
425
463
580
424
425
424
424
424
425
424
424
424
93258
508
601
737
463
580
437
580
454
580
464
580
424
424
425
424
424
464
580
424
424
425
424
463
581
424
424
424
455
580
437
580
424
425
424
424
424
424
425
463
580
425
454
580
455
580
424
425
424
454
581
424
454
581
424
424
424
425
424
436
581
424
424
463
580
424
424
509
580
425
424
424
424
424
425
424
424
424
425
445
580
425
424
424
424
446
580
425
424
424
446
580
454
580
425
424
463
580
424
425
424
424
424
446
580
424
424
425
424
424
424
424
425
424
424
424
425
424
454
580
436
581
424
424
425
424
424
424
425
424
437
580
870
580
436
581
424
424
425
424
424
424
425
454
580
425
445
580
425
424
424
424
425
445
581
424
424
424
437
580
424
425
424
445
580
424
425
424
454
580
445
581
436
580
425
424
424
424
425
424
463
581
424
424
455
580
424
8920
580
437
580
424
464
646
736
730
499
580
424
437
580
424
424
425
424
424
424
425
463
580
425
424
445
628
737
424
424
424
425
463
581
424
424
424
455
580
463
580
425
424
424
424
424
425
424
455
580
454
581
424
424
425
424
445
581
870
580
424
424
425
424
424
424
425
424
424
424
454
581
424
424
437
580
463
581
424
424
446
580
424
424
425
424
463
580
425
424
463
580
425
454
580
425
424
464
580
424
424
425
454
580
455
580
424
446
580
30587
425
424
1112
580
425
424
424
424
425
424
424
424
424
425
424
424
424
455
580
424
424
425
424
424
446
580
463
581
424
634
580
424
425
3877
580
463
580
424
424
464
580
424
424
424
631
425
424
424
425
9473
424
424
425
424
424
424
424
425
463
647
736
424
424
425
445
581
454
580
425
445
629
736
453
581
436
580
425
424
424
424
425
424
424
454
581
517
580
425
424
424
464
580
424
424
464
580
424
425
454
581
424
424
437
580
424
424
425
424
424
424
464
580
424
424
446
580
398
490
580
425
463
580
425
424
1091
737
454
581
424
424
424
425
424
424
424
425
436
580
425
424
424
424
425
424
424
562
580
425
454
580
425
424
424
424
425
436
581
424
424
455
580
424
437
580
424
446
580
424
424
425
424
424
446
580
424
424
425
424
437
580
424
424
425
424
424
425
424
424
424
425
424
424
455
580
424
455
580
424
455
580
424
425
424
424
424
425
424
424
425
424
424
424
425
424
424
464
1103
1682
2085
2082
1981
424
424
424
454
580
636
580
455
580
425
454
580
802
424
424
425
424
446
637
736
424
425
424
424
424
425
424
424
424
425
436
580
425
424
437
580
424
464
619
737
453
581
455
655
9052
736
425
424
424
446
580
455
580
445
580
424
425
424
424
455
580
424
424
425
424
424
455
580
424
424
425
424
424
424
463
581
424
424
437
580
424
424
454
580
425
436
581
424
424
446
580
424
446
580
424
425
424
424
424
425
454
580
424
464
580
424
425
424
424
424
425
424
463
580
424
425
445
581
445
580
424
424
425
424
424
425
424
424
455
580
436
581
424
424
425
462
581
424
424
424
425
424
424
424
455
580
454
580
464
580
424
425
424
424
424
425
424
437
580
424
424
425
454
580
425
424
424
424
425
424
424
425
424
424
424
424
425
424
424
446
580
424
425
424
437
580
424
424
425
424
424
424
425
424
454
580
424
2665
1193
1756
1048
424
425
424
676
463
580
424
425
424
436
581
424
424
455
580
424
424
425
424
454
581
424
424
437
580
424
424
665
580
425
424
464
580
870
610
736
425
424
454
581
424
436
581
424
424
424
425
424
424
424
455
580
424
446
580
424
424
425
424
424
424
424
425
463
580
425
424
424
424
425
424
424
7444
2027
580
425
424
424
463
580
424
455
580
534
580
508
580
424
464
580
424
425
436
580
425
424
454
581
424
445
581
424
424
424
425
436
580
425
424
446
627
737
454
580
464
580
424
425
424
424
425
424
424
425
445
580
424
425
424
454
581
424
437
580
454
581
424
424
424
446
580
424
425
424
424
424
425
424
424
425
436
580
425
424
424
424
425
424
464
580
424
424
425
462
580
425
424
424
424
425
424
424
437
580
424
424
425
424
424
424
425
424
424
424
424
464
580
1298
1816
1612
2644
2036
1981
424
424
424
463
581
424
445
581
424
424
424
463
580
425
424
424
424
437
580
424
425
424
424
424
425
424
445
581
424
424
425
424
424
424
425
424
424
437
580
424
424
446
580
424
425
424
424
424
425
424
424
424
1100
736
425
424
424
463
580
425
424
464
580
424
424
425
424
424
425
424
424
424
425
424
424
424
425
424
424
424
446
580
424
425
454
581
424
424
424
425
424
424
425
424
436
581
424
424
446
580
424
425
424
424
463
581
8739
424
424
425
424
464
580
424
424
464
580
424
425
463
580
424
424
425
445
581
424
424
424
463
581
424
424
424
425
424
424
424
425
445
580
425
424
424
425
424
424
424
425
445
580
455
580
424
425
424
424
424
464
580
425
424
454
581
424
424
424
424
425
424
455
790
1027
1823
2612
1981
424
424
424
455
580
425
424
685
425
424
454
611
736
424
425
445
580
437
580
425
436
580
425
424
424
437
580
463
580
424
425
424
424
425
424
424
424
425
463
580
424
455
580
424
437
580
424
425
424
436
581
424
424
425
424
424
424
425
454
611
736
455
646
737
436
637
736
446
580
425
424
436
581
424
445
581
424
424
446
580
424
424
455
580
446
655
736
463
580
436
581
424
424
424
424
425
878
581
424
424
424
425
424
424
424
437
580
887
580
425
424
424
424
425
424
424
424
424
464
580
425
397
1235
736
424
425
424
463
581
454
580
425
424
424
455
580
424
425
424
424
424
425
424
424
424
425
424
424
424
425
424
424
437
8474
580
424
424
437
580
424
425
424
424
424
425
424
424
424
425
424
424
455
580
424
1638
5263
736
424
424
425
424
424
424
425
424
424
424
425
424
424
425
424
562
580
463
580
424
425
454
580
425
445
580
425
424
424
424
464
602
736
424
424
424
425
424
424
424
463
581
424
424
437
580
424
424
425
436
581
424
424
446
580
424
424
425
424
445
581
424
424
425
424
445
581
424
424
424
425
463
580
424
425
436
580
425
463
580
424
425
424
436
581
424
424
455
580
463
581
424
437
580
424
424
424
425
424
424
424
425
424
424
424
425
424
424
527
580
446
580
424
424
424
425
424
436
581
424
424
446
580
424
424
425
424
424
424
425
580
619
737
424
424
446
637
736
424
455
580
424
455
580
424
425
424
424
464
580
424
424
425
424
424
425
424
424
424
1083
736
425
424
424
424
425
463
580
425
424
424
424
424
425
424
424
424
425
424
424
446
580
424
425
424
424
424
424
425
424
424
446
619
9961
1048
424
425
424
424
424
425
424
424
424
425
424
424
509
580
424
424
424
425
721
424
424
425
424
463
580
446
628
811
1048
454
645
737
424
424
424
425
454
580
455
581
445
580
424
425
424
424
463
580
425
445
581
436
581
454
646
737
463
592
737
424
424
464
628
736
424
425
424
424
424
464
580
424
424
425
424
424
424
455
580
446
580
437
580
424
463
580
425
424
424
424
425
424
424
424
425
445
580
425
424
424
455
580
424
424
425
445
580
464
580
424
425
424
424
464
580
424
425
454
580
425
424
424
425
424
424
455
580
553
581
424
424
424
425
436
581
424
424
424
425
424
424
424
437
580
424
424
425
424
424
425
424
424
455
580
424
424
424
425
424
455
1025
593
736
424
425
424
424
424
425
424
424
424
446
580
424
425
424
445
581
424
424
424
425
454
580
446
580
887
580
446
1618
2301
1048
1037
2335
736
424
464
580
424
425
454
581
424
454
580
424
424
424
425
424
445
581
424
424
424
425
424
487
481
581
436
580
425
9136
425
424
424
424
424
425
424
436
581
463
581
424
424
463
580
424
424
425
424
464
1004
424
464
580
424
425
424
424
424
425
424
424
425
463
580
425
424
424
424
425
436
581
424
424
424
425
424
424
424
425
424
424
425
436
593
736
463
629
736
445
581
436
581
454
580
424
424
425
424
424
424
425
424
424
424
425
424
464
580
424
455
580
424
424
425
424
424
425
424
445
581
424
424
424
425
436
580
425
424
436
581
424
424
425
463
580
425
424
424
424
425
424
424
437
580
424
425
424
454
647
736
424
424
424
425
436
580
425
445
637
737
424
424
455
580
463
581
424
424
455
580
424
455
580
424
424
425
424
424
437
580
424
425
424
463
1829
736
424
424
425
3145
580
424
424
424
425
436
580
425
424
424
425
424
424
424
437
580
861
580
425
424
424
424
760
580
425
424
424
424
425
424
455
580
424
424
424
425
424
424
425
424
424
424
425
424
436
581
424
424
425
424
424
424
425
424
424
424
454
581
424
424
9115
424
425
424
424
424
424
425
424
424
446
580
424
424
425
463
580
424
425
436
581
424
424
424
455
580
437
580
424
424
424
424
425
424
424
472
581
424
424
437
580
437
580
424
455
580
424
425
436
580
425
424
424
424
425
424
445
581
424
424
455
580
424
424
425
436
580
425
424
424
446
580
424
424
425
445
581
424
424
424
425
445
580
425
424
424
425
462
581
424
424
455
580
424
437
580
437
646
736
425
424
424
424
424
425
463
580
425
424
424
446
580
424
425
463
580
463
580
424
425
424
424
424
425
424
424
425
91210
424
425
436
619
736
445
580
424
425
424
424
424
425
454
580
454
581
424
436
581
454
580
425
424
424
437
580
424
437
580
424
425
424
424
425
424
424
424
424
425
424
424
425
445
580
464
580
424
425
902
4928
736
424
424
425
424
424
424
425
424
424
437
580
424
424
425
424
424
425
462
581
424
424
446
580
463
581
424
424
425
424
424
424
425
445
646
736
424
425
436
580
425
424
424
424
425
424
424
424
424
425
424
424
425
445
580
424
425
462
581
424
424
425
454
580
455
580
425
424
424
424
424
425
424
424
425
424
436
581
424
424
888
580
425
424
463
581
424
424
437
580
424
425
424
424
424
425
424
445
580
424
425
424
424
437
580
424
424
455
637
736
464
637
736
446
580
424
446
636
737
454
581
424
463
580
425
8841
424
424
446
580
424
425
424
424
424
425
424
424
425
436
620
736
424
424
425
436
581
424
424
425
424
424
424
425
860
581
424
424
425
424
424
424
425
424
424
424
425
424
424
424
425
424
424
424
425
424
424
424
464
580
424
446
580
424
4693
581
1747
581
424
424
424
464
580
425
424
424
424
425
424
424
425
424
454
581
463
580
424
425
424
424
455
580
424
425
424
424
424
424
425
463
580
424
425
424
424
424
425
424
463
580
424
424
446
580
424
425
424
424
446
580
424
424
425
424
424
424
425
424
436
581
424
424
424
425
424
424
425
436
580
424
424
425
445
581
424
424
424
425
424
424
424
31233
498
581
424
424
424
425
424
424
455
580
424
425
463
580
425
424
424
424
425
424
446
580
424
424
425
424
424
424
425
424
424
9455
425
445
581
445
581
445
580
455
637
737
453
581
424
463
580
425
424
424
424
461
424
425
436
580
455
580
424
424
425
424
424
424
425
424
424
424
437
580
424
425
463
580
425
424
424
455
580
463
580
424
424
446
580
445
581
424
424
424
425
424
424
424
425
436
581
424
424
437
580
424
424
425
436
581
424
424
424
425
424
424
424
446
580
425
424
424
437
580
424
424
425
424
424
424
425
445
580
425
424
424
424
425
436
581
869
581
424
424
425
424
424
437
580
424
424
425
424
424
424
425
454
581
424
463
580
425
424
424
424
425
445
580
455
580
424
437
580
425
424
436
581
424
424
424
425
424
424
424
437
580
424
425
424
463
581
424
424
424
425
424
424
424
437
580
425
424
424
1109
736
425
424
424
425
424
454
580
424
425
424
424
424
446
580
437
580
424
425
424
424
424
425
424
424
424
425
424
454
581
424
424
424
424
425
424
424
424
425
424
455
580
424
424
424
425
424
424
424
425
424
424
424
425
424
424
424
455
580
424
454
580
424
425
9366
425
424
424
437
580
424
424
425
436
581
462
581
424
424
424
425
463
581
424
424
464
580
424
425
424
424
424
425
424
445
581
424
424
424
455
580
424
424
425
424
424
424
425
424
424
424
425
424
424
425
424
424
424
446
580
424
424
425
424
437
580
424
424
425
424
424
424
425
454
581
424
424
424
425
424
424
424
424
425
424
437
580
424
424
446
580
446
580
424
424
425
424
424
424
424
425
424
424
424
425
424
424
424
425
424
437
580
424
424
446
580
437
580
424
424
437
580
446
580
424
425
424
424
424
424
437
580
424
425
424
424
424
463
580
437
581
445
581
454
581
436
629
757
1048
425
436
581
454
580
425
424
424
424
464
580
424
437
580
424
425
424
463
581
424
424
424
425
424
424
424
425
424
424
464
580
446
580
424
4169
2175
580
424
455
580
424
425
424
424
424
425
424
424
424
425
424
454
581
463
580
425
541
424
424
424
425
424
436
628
737
424
424
424
425
436
580
425
424
455
580
424
424
424
425
424
424
425
424
463
610
736
424
455
580
9146
424
424
424
425
424
424
424
424
446
580
446
580
424
425
424
463
581
424
424
463
580
425
424
445
581
463
580
424
425
424
424
425
424
424
455
580
424
437
580
424
437
580
424
425
424
424
425
424
454
581
424
3571
437
580
425
463
580
425
424
424
425
424
424
424
424
463
580
425
424
424
424
425
424
424
424
425
424
424
424
425
424
424
424
464
580
424
424
425
424
424
424
425
445
581
424
424
424
425
454
580
425
462
581
424
454
581
424
437
580
424
424
463
581
463
580
437
580
424
425
424
424
424
425
424
445
581
424
136
424
425
424
424
424
425
424
424
424
425
424
424
424
437
580
424
425
424
424
424
424
425
445
580
463
909
581
1196
4084
736
425
436
581
424
424
424
425
424
424
424
425
424
437
580
424
455
580
424
424
425
424
424
437
580
424
425
424
424
425
463
580
464
580
424
424
446
580
424
425
424
454
581
424
848
425
424
424
455
580
424
446
655
737
436
580
425
424
424
424
425
424
424
424
425
424
424
425
424
424
445
580
424
9101
517
581
424
424
455
580
424
424
425
424
463
580
425
454
580
425
3610
580
424
425
424
437
580
424
424
425
424
424
424
425
445
581
424
424
424
425
463
580
424
424
446
580
437
1042
581
424
424
424
446
580
446
580
424
425
424
454
580
425
445
581
424
424
424
425
424
424
425
454
580
424
425
424
424
425
424
424
424
425
424
424
424
425
424
424
425
424
454
1546
737
1943
1706
737
453
580
425
424
424
424
425
424
437
580
424
425
445
637
736
478
424
425
424
424
424
425
424
424
424
425
424
424
424
425
424
424
424
425
424
464
580
424
424
464
580
424
424
425
424
424
463
581
424
424
424
425
454
581
424
424
424
425
424
424
424
425
424
424
446
580
653
580
425
424
424
446
580
424
425
424
446
580
463
580
424
446
580
424
424
425
424
445
581
424
424
424
455
580
424
425
445
580
425
424
424
445
8837
424
425
424
424
424
425
424
424
9474
580
424
424
425
424
424
424
425
424
424
2320
580
425
424
424
424
425
424
424
425
424
424
424
425
424
424
424
425
424
424
424
425
424
446
655
784
1048
437
637
775
1048
463
581
424
436
581
424
424
424
437
580
424
424
425
436
581
424
463
1632
4651
1980
425
436
580
437
580
424
425
424
424
455
580
424
424
425
424
424
541
425
424
424
425
424
424
424
424
425
424
424
424
425
454
581
424
436
581
424
424
446
637
736
424
425
445
580
425
424
455
580
463
580
424
425
424
424
424
425
424
424
424
425
424
424
424
446
580
424
425
424
424
455
580
424
464
580
424
424
425
436
580
425
436
581
424
424
424
425
424
424
425
454
580
870
628
736
424
425
424
424
437
580
424
424
425
424
424
424
425
424
424
424
425
424
454
581
436
580
425
424
424
455
580
424
425
424
424
424
424
425
424
424
446
580
424
464
580
424
424
425
424
424
424
425
463
580
425
424
454
580
437
580
870
8963
580
424
424
424
437
580
425
454
580
425
424
454
580
464
580
425
424
424
424
424
425
424
454
581
424
445
581
424
424
424
425
454
581
1249
580
424
2838
580
424
424
446
580
424
425
424
424
437
580
424
463
580
425
424
424
424
425
424
424
424
446
580
424
425
424
424
446
619
736
425
424
454
581
424
424
454
580
424
425
424
424
424
425
424
424
424
464
580
424
424
455
580
424
424
425
424
424
424
425
424
424
424
455
580
424
437
580
424
425
424
424
425
424
424
424
425
424
424
425
445
580
425
454
580
425
424
424
424
425
424
424
424
437
581
436
580
425
424
454
610
736
436
581
463
580
454
581
424
424
424
425
424
445
646
737
424
424
463
580
425
424
424
424
425
424
454
580
888
581
454
655
767
1048
424
463
580
437
646
736
424
425
424
424
424
425
424
424
424
425
424
424
446
580
445
581
424
424
464
580
509
580
446
580
446
646
737
436
581
454
580
424
425
424
424
424
424
446
580
424
425
424
424
463
580
425
8892
463
602
766
1049
445
581
455
580
445
581
445
580
425
436
581
424
424
424
424
425
424
424
437
580
424
425
436
868
446
580
424
424
425
424
436
581
424
424
424
437
580
424
425
436
581
424
424
464
580
424
424
479
611
736
425
424
424
424
446
580
424
446
580
425
424
424
424
425
424
424
424
425
463
580
425
424
436
581
424
424
425
436
580
425
424
454
580
424
437
580
424
455
580
425
424
424
424
424
425
424
445
581
424
424
424
425
424
424
425
424
424
424
425
424
424
446
580
424
424
425
424
424
424
849
424
424
425
424
424
463
580
424
425
445
580
425
424
424
424
425
424
424
424
424
425
424
424
424
446
580
424
424
425
424
424
424
425
516
619
737
424
424
424
425
424
424
424
437
580
424
425
454
581
424
424
424
425
424
424
424
425
424
4242
446
580
662
580
464
580
424
455
580
424
446
611
736
436
7580
784
1048
425
424
436
581
436
581
424
454
581
424
424
8634
424
424
424
425
666
425
424
424
425
424
424
424
425
516
580
425
424
424
424
425
424
463
580
425
436
581
424
424
424
424
424
425
424
424
425
424
436
581
454
580
424
424
425
424
424
455
580
424
455
580
424
464
580
424
424
446
580
424
425
424
424
446
592
736
425
424
424
425
463
580
424
446
619
736
425
424
424
424
425
424
424
446
553
472
581
424
445
581
424
424
424
425
424
424
464
580
424
425
424
424
424
425
424
424
425
424
424
91319
424
445
581
445
580
446
581
445
580
463
581
424
424
424
425
424
424
424
425
424
424
425
424
424
424
437
580
425
424
424
446
580
424
455
580
424
424
425
424
424
424
425
424
424
425
424
424
424
464
580
424
424
455
580
424
446
580
424
424
425
454
581
424
424
424
425
424
424
464
580
424
424
437
580
425
424
424
437
580
424
424
455
580
424
425
424
424
425
424
436
581
424
424
455
580
2368
4059
736
424
446
580
424
424
425
424
437
580
424
424
425
559
425
424
424
424
425
424
424
424
425
424
424
425
424
424
424
425
424
424
424
425
424
424
425
424
424
424
425
445
580
424
861
580
425
424
424
424
464
580
424
425
424
445
581
445
581
424
424
424
425
424
424
425
424
424
424
425
424
424
446
628
736
425
424
424
425
445
580
425
424
424
424
425
424
424
425
424
436
581
424
424
424
425
424
424
8546
425
424
424
424
424
870
581
424
424
424
454
580
455
580
425
424
454
581
424
424
424
425
445
580
455
580
424
455
580
446
601
737
424
424
424
425
424
424
425
424
424
424
463
581
424
424
454
581
424
424
424
425
424
424
424
425
424
424
425
424
424
424
425
424
424
424
425
424
454
581
424
424
425
424
424
437
580
424
425
436
580
425
436
580
425
424
424
424
437
580
425
424
463
2840
4087
1048
445
581
424
424
455
580
437
645
1069
472
629
736
463
580
463
580
437
592
749
1048
424
425
424
424
425
424
424
424
446
580
464
580
424
455
580
424
437
580
424
424
425
424
424
424
425
454
580
425
445
581
424
424
424
425
463
1044
580
424
425
424
424
424
425
424
424
455
580
424
437
580
424
424
425
436
580
425
424
454
580
424
424
425
424
424
424
425
424
424
424
35382
424
424
455
580
424
455
580
424
425
424
424
424
425
424
424
424
425
445
581
424
424
424
425
462
1560
736
425
424
424
424
1107
1706
736
425
436
581
436
580
425
424
424
424
425
424
424
425
424
424
424
424
455
580
424
446
616
425
424
424
424
425
424
424
424
425
424
436
581
424
424
446
580
424
425
424
424
424
425
424
424
424
425
424
424
424
425
454
580
424
454
580
425
424
424
424
455
580
424
455
580
425
436
580
425
424
455
580
424
424
425
463
580
454
581
424
424
424
425
424
424
424
425
424
424
424
424
425
424
424
455
580
424
446
580
424
425
424
424
424
425
424
424
1092
736
425
424
424
424
424
464
580
424
455
580
463
580
424
425
424
424
424
425
424
445
629
736
424
425
424
424
446
580
454
581
424
424
424
425
436
581
424
424
704
581
424
688
580
425
424
424
424
425
424
424
424
464
580
425
424
424
446
580
424
424
425
8609
425
424
424
425
424
424
424
425
424
424
424
425
424
424
424
425
424
424
424
425
424
446
580
454
581
424
424
455
580
424
424
425
436
581
424
947
580
424
425
4660
581
424
424
488
424
424
424
425
424
424
437
580
424
425
424
445
581
454
581
424
424
424
425
424
464
580
424
424
446
628
736
437
580
424
424
425
424
424
424
446
637
736
424
424
425
424
424
424
437
580
424
425
454
580
425
463
580
425
424
424
424
425
424
424
437
580
424
424
425
424
424
424
425
436
580
464
580
424
425
424
424
424
425
424
424
424
424
425
424
424
424
425
424
424
424
425
463
580
424
455
580
424
425
424
424
424
425
424
424
424
425
424
424
425
424
424
424
425
424
424
424
425
454
581
703
580
550
580
425
424
424
424
425
424
436
581
861
580
424
424
425
424
424
424
425
424
424
424
425
424
424
455
580
424
437
580
424
425
424
424
424
425
424
445
581
436
580
425
424
424
424
425
424
424
424
425
424
424
455
580
424
437
580
424
424
446
580
425
8568
424
424
425
463
580
464
580
424
446
646
737
424
424
424
437
580
425
424
688
580
425
424
424
425
424
424
424
425
454
580
424
425
424
424
424
437
580
424
425
424
437
580
424
464
580
455
601
758
1048
437
628
736
446
580
436
581
424
424
424
425
424
454
581
424
437
580
424
437
580
424
425
436
628
736
425
424
424
424
425
424
424
424
425
445
581
424
424
424
425
463
581
424
424
424
464
580
424
424
425
424
870
580
424
463
581
424
455
580
424
424
425
424
424
425
454
580
424
425
6126
424
424
425
424
424
424
425
436
581
436
580
425
424
424
424
425
424
445
581
424
424
425
424
424
424
425
424
424
425
424
424
446
580
424
424
425
424
424
446
580
424
425
424
424
424
425
1294
580
861
580
424
455
580
424
425
424
424
424
455
580
424
424
425
436
581
463
1106
1859
2354
2011
2028
1980
425
424
424
424
455
580
424
425
424
424
424
9454
580
424
425
424
424
424
424
425
463
580
425
424
424
424
425
424
424
424
424
518
580
425
445
580
446
592
737
424
424
424
425
424
424
424
425
463
580
425
424
424
424
425
424
424
424
425
424
424
455
580
424
455
580
424
437
580
424
424
425
424
424
446
580
424
464
580
463
581
445
580
500
602
736
454
620
736
424
424
425
424
424
424
425
424
463
580
424
425
424
424
616
580
424
425
424
424
424
425
424
454
581
424
424
425
424
424
424
425
424
424
424
425
424
424
424
425
445
581
436
580
425
424
424
424
424
425
424
424
425
424
424
446
637
736
424
425
424
424
424
425
463
580
424
425
424
424
424
425
424
424
425
424
424
424
425
445
580
425
424
424
437
580
424
425
424
424
455
1664
736
4595
580
425
424
424
424
425
424
424
424
425
424
424
424
425
424
424
424
425
424
424
464
580
686
436
580
425
424
424
454
581
424
424
424
425
424
463
581
424
424
437
580
424
424
425
424
424
425
453
580
425
424
9211
424
424
424
425
424
424
424
425
424
424
455
580
424
446
580
424
424
425
445
655
737
444
581
424
424
424
424
464
580
425
424
424
424
425
424
424
424
425
424
424
424
425
424
424
425
424
424
424
424
425
424
424
425
424
424
455
580
454
580
424
446
580
424
424
425
424
424
424
425
424
424
424
425
424
454
581
424
424
424
425
424
424
455
580
454
580
425
445
580
425
424
424
425
436
580
425
424
424
424
425
424
424
446
580
424
425
424
424
424
425
424
424
424
455
580
425
424
424
424
425
436
581
424
424
464
580
424
424
425
462
580
425
424
424
424
425
424
424
425
424
424
424
425
4172
1114
1459
1048
424
424
425
424
424
424
425
424
424
425
424
424
424
425
424
424
424
464
618
481
581
445
580
446
580
425
424
424
455
580
424
446
580
424
424
425
424
424
424
425
424
424
424
425
424
424
424
425
424
424
424
732
580
424
425
445
580
424
424
425
462
581
424
437
580
424
424
463
581
454
581
462
647
1173
580
455
637
737
462
581
445
593
784
1123
10240
1980
424
424
424
425
424
424
424
425
463
581
424
424
425
445
580
424
425
424
424
425
424
424
424
425
424
424
424
425
472
580
463
580
424
1697
4155
464
580
424
424
446
580
425
444
581
424
424
424
425
445
581
424
424
446
580
454
580
425
424
424
424
425
424
424
425
424
436
581
424
424
425
454
580
464
580
424
424
425
424
424
424
425
445
580
425
436
580
425
424
424
424
424
425
424
424
424
425
445
581
424
424
424
4615
445
7554
736
464
697
424
424
425
424
436
581
424
424
464
580
424
424
425
424
424
424
425
436
581
424
424
463
581
424
445
581
454
581
424
424
424
425
424
424
463
580
425
424
1056
736
424
425
424
424
424
425
454
580
425
445
580
425
424
424
424
425
424
424
424
464
580
445
580
425
424
424
425
424
424
437
580
424
425
424
424
424
425
424
454
580
425
463
580
425
424
424
425
424
424
424
437
580
424
425
424
424
424
425
424
464
580
424
424
425
463
9244
581
424
424
424
464
580
424
425
463
580
425
424
424
424
425
424
424
424
425
424
424
424
425
424
424
424
437
580
425
424
424
424
425
424
424
424
424
425
424
424
437
580
424
424
425
424
424
424
425
424
437
580
445
581
445
581
454
1231
736
425
1314
3872
736
424
425
424
446
580
454
581
445
581
445
580
425
424
455
580
446
619
748
1048
635
580
436
581
424
455
580
436
581
424
424
424
425
424
424
424
425
463
581
424
446
580
455
580
436
581
424
437
580
446
580
455
580
446
580
463
580
424
425
436
581
436
580
425
445
647
736
462
581
436
581
424
454
561
1076
736
424
424
446
580
425
436
580
425
424
424
425
424
424
446
870
736
424
425
424
424
424
425
424
464
580
424
424
425
598
580
424
424
689
580
424
424
425
463
580
425
424
424
425
424
424
424
425
424
424
437
580
464
580
424
424
425
424
424
424
425
445
581
454
580
424
425
424
424
424
425
424
424
424
425
445
581
454
8940
581
462
581
424
424
455
580
424
425
424
424
424
437
580
424
425
424
436
581
424
463
580
599
1544
4266
1048
424
424
425
424
424
424
446
580
424
658
425
424
424
425
424
424
424
425
424
454
581
424
424
424
425
424
424
455
619
736
425
424
424
425
463
580
424
425
424
424
424
424
425
424
424
424
425
436
580
425
454
580
425
424
424
424
425
424
424
446
580
424
424
425
445
580
437
580
424
92531
425
424
424
424
463
581
424
424
424
425
424
424
424
464
580
424
425
424
436
581
424
424
455
580
424
455
580
424
424
425
445
581
424
424
424
424
425
424
454
581
424
424
424
425
424
463
580
424
424
425
424
424
425
869
581
436
581
424
424
463
581
424
424
464
580
424
424
425
424
424
425
424
424
424
425
424
445
581
436
580
425
424
454
580
424
425
424
424
425
463
580
425
424
454
581
424
424
424
425
424
424
455
580
446
580
445
628
737
424
424
424
425
445
580
455
580
424
425
424
424
425
463
580
425
424
446
580
424
424
425
445
580
663
580
425
424
424
425
424
436
581
454
580
424
425
424
424
424
425
424
436
581
424
424
424
425
424
424
424
446
580
425
424
424
424
425
424
424
437
580
464
1281
736
1449
580
424
425
1278
853
790
424
424
425
8525
425
424
424
464
580
424
424
425
454
619
736
425
424
424
463
580
425
424
436
581
424
424
455
580
424
446
592
737
424
424
454
580
424
425
424
424
424
464
580
424
425
445
580
425
424
424
424
425
445
581
462
581
424
436
581
424
424
424
446
580
424
425
424
424
424
425
424
424
437
580
424
424
437
580
424
425
445
580
455
580
455
580
424
424
425
424
424
424
425
424
424
424
777
580
424
424
425
424
463
581
424
424
437
580
424
424
425
463
581
424
424
437
580
424
425
2298
424
455
580
424
425
424
424
425
424
454
580
446
580
424
424
425
424
463
581
424
424
455
580
424
455
580
424
455
580
424
425
424
424
424
425
424
424
424
425
454
580
425
424
424
424
425
424
424
424
425
424
424
424
425
424
424
424
424
425
424
445
581
3172
1024
736
868
580
424
653
634
424
424
464
580
424
424
446
580
437
580
424
425
424
424
424
424
425
445
581
424
424
424
425
454
580
464
580
425
424
424
446
580
424
425
424
424
424
9452
425
424
424
424
424
425
424
424
424
425
424
424
424
425
424
424
424
463
580
425
463
580
425
424
424
437
580
424
424
464
580
424
425
424
424
424
425
424
463
580
424
424
437
581
445
701
736
437
580
500
580
424
424
454
581
424
424
938
581
424
424
455
580
454
580
425
424
436
581
424
424
424
425
424
424
455
580
424
424
425
424
424
424
425
424
424
424
425
424
424
424
425
445
580
455
580
424
437
580
424
437
580
424
425
454
580
424
425
463
580
425
424
424
424
425
424
424
424
425
424
424
455
580
463
580
425
424
424
424
425
424
424
879
1456
736
424
4328
580
425
424
424
424
425
424
424
425
444
581
424
424
424
676
425
424
424
424
425
424
424
425
424
424
424
425
424
424
424
454
580
446
580
662
580
437
580
424
446
580
5259
1892
424
425
424
446
580
424
424
454
581
424
436
581
424
424
424
425
424
424
424
425
424
424
424
446
655
736
463
580
424
425
424
424
424
425
436
580
425
424
445
7016
2216
581
424
424
424
425
424
424
553
580
425
424
424
446
580
424
425
424
424
424
437
580
424
425
424
424
425
424
424
31086
424
424
425
424
424
424
425
424
424
424
425
424
424
446
580
424
464
580
463
580
425
445
922
424
425
424
424
424
425
424
424
463
580
424
425
424
424
424
425
424
424
424
425
445
580
437
580
424
425
463
580
425
424
424
464
580
424
424
425
424
424
424
425
436
580
425
424
464
580
424
446
580
424
424
424
425
424
424
424
424
425
424
424
424
425
424
1074
736
464
580
424
425
436
580
425
424
445
581
424
424
424
425
424
424
424
425
424
446
580
424
424
425
424
424
424
425
424
424
424
425
424
424
463
580
425
424
424
526
580
425
424
424
437
580
424
425
454
580
424
446
9305
581
445
580
425
424
424
425
424
424
424
425
424
424
424
1312
580
425
424
424
424
425
436
580
446
580
425
424
424
424
437
580
424
424
425
436
580
437
580
425
424
424
424
455
580
424
425
424
424
424
425
436
581
424
424
424
425
424
424
424
424
425
424
424
437
580
424
424
425
424
424
424
425
424
424
424
425
424
424
424
425
3715
424
3729
580
424
424
425
436
581
424
424
424
425
424
424
424
437
580
425
424
424
424
425
436
581
453
580
455
580
424
425
424
424
424
425
424
424
424
424
425
424
424
424
425
454
580
425
445
611
736
424
455
580
424
424
425
424
424
425
424
424
424
425
436
580
425
424
424
424
425
445
581
424
424
424
425
424
424
424
437
580
424
437
580
425
424
424
424
723
580
424
425
424
463
580
424
425
424
424
424
425
424
424
424
425
424
446
637
736
424
436
581
424
424
424
425
424
424
424
424
463
628
737
424
463
581
454
581
445
581
454
581
436
580
425
455
580
445
581
463
580
424
425
463
9584
581
436
580
425
424
446
580
424
424
425
424
454
2249
736
724
1726
736
425
424
424
424
425
424
424
425
424
424
424
425
424
455
580
454
581
424
463
679
517
580
436
581
424
424
424
425
436
580
425
424
424
424
425
436
581
462
580
425
424
463
580
425
424
454
581
445
619
736
424
425
436
581
424
424
424
437
580
424
425
454
580
424
424
425
424
424
424
425
424
424
424
454
581
424
424
425
424
424
424
425
424
424
437
592
736
425
424
424
437
580
424
518
580
425
424
424
455
580
424
425
424
424
424
425
424
436
581
424
424
424
425
424
424
446
580
424
425
424
424
424
424
425
424
455
580
424
424
425
436
580
424
425
424
424
424
437
580
424
425
424
454
580
425
424
424
424
425
436
580
425
424
424
424
425
424
424
424
424
425
729
580
425
424
424
424
424
425
424
424
424
424
491
580
424
424
455
580
425
436
580
425
424
454
581
424
424
425
445
580
425
424
454
580
437
580
424
425
436
580
425
424
445
581
445
2067
1648
1573
9081
1981
424
424
424
463
868
424
425
424
424
424
425
424
424
424
464
580
425
424
424
424
425
424
424
425
454
580
446
601
736
425
6117
424
424
425
424
424
463
581
424
424
424
424
425
424
424
455
580
424
424
424
425
424
463
580
425
424
436
581
424
424
424
425
463
580
424
425
424
424
424
464
580
424
425
454
580
424
446
580
424
424
425
424
424
424
463
628
737
424
424
424
424
437
580
425
424
424
424
425
424
424
437
580
424
424
425
454
580
425
424
424
424
425
424
424
424
425
424
463
581
424
424
437
580
424
425
424
424
424
425
424
424
424
425
424
424
424
463
581
424
424
425
424
424
424
455
580
424
425
424
424
425
424
424
424
425
424
424
424
424
425
424
424
424
425
424
454
580
888
580
464
580
424
424
425
424
424
455
580
1571
580
4204
655
736
425
424
424
424
425
424
424
424
425
424
424
424
437
580
424
425
463
580
425
424
424
424
479
424
424
425
424
424
424
425
445
638
736
424
424
8620
425
424
424
454
581
424
424
424
425
424
424
424
425
423
425
424
424
424
425
454
580
424
464
580
425
424
424
446
580
424
424
425
463
580
424
424
464
580
424
424
455
580
424
424
425
424
424
424
425
424
424
424
425
424
424
424
425
445
602
736
424
424
425
424
424
463
580
425
454
580
424
425
445
580
425
424
424
424
425
424
424
463
580
424
424
446
611
736
424
424
425
424
424
424
437
580
425
424
462
581
454
580
425
424
424
464
580
424
424
425
424
424
424
425
454
580
445
610
736
425
445
581
436
581
463
646
736
464
646
736
425
436
581
454
581
445
581
454
580
424
424
425
424
424
446
580
437
580
424
424
425
424
424
424
425
436
581
424
424
455
580
424
446
580
437
580
424
424
425
424
424
424
455
580
888
3405
2839
1048
424
424
425
424
462
581
424
424
424
425
424
424
424
425
424
424
425
453
580
425
887
580
455
580
425
463
580
425
424
463
581
424
424
424
425
424
424
424
424
425
424
424
424
455
580
464
580
424
424
425
9329
424
425
424
424
424
425
424
454
580
425
424
424
424
425
424
424
424
425
424
424
424
464
580
425
424
436
581
424
424
424
425
424
424
424
425
424
424
425
424
424
424
424
425
445
581
463
580
425
424
424
424
425
424
424
425
424
424
424
454
580
425
424
424
437
592
736
425
424
424
424
425
424
424
446
580
424
424
425
424
424
437
580
424
424
455
580
424
425
424
424
424
425
424
424
424
425
424
516
581
424
463
581
424
424
425
424
424
424
424
425
424
424
455
580
424
425
424
424
424
425
424
436
581
424
424
425
436
580
425
424
424
424
425
424
424
424
424
425
424
424
425
424
424
424
455
2242
4719
1048
425
424
424
424
446
580
424
425
424
424
424
425
424
424
425
424
424
424
425
1074
736
455
580
424
424
425
445
580
425
424
424
424
425
424
455
580
424
454
581
424
424
424
425
424
424
425
436
580
424
455
580
437
580
424
425
424
424
425
424
424
424
464
580
437
580
463
580
446
580
437
610
736
463
581
424
424
464
9567
581
424
424
437
580
455
592
737
436
581
461
581
424
436
581
436
581
424
424
424
424
425
463
581
463
580
446
646
736
446
628
736
464
611
736
446
580
446
580
445
610
737
453
620
736
424
425
424
424
424
446
580
424
425
424
424
424
464
580
424
425
424
424
425
424
424
424
425
424
424
455
1105
2725
2967
1981
424
424
463
581
424
424
463
580
93304
581
463
581
463
646
736
425
424
424
424
425
424
424
424
425
533
580
425
445
733
424
424
425
424
424
424
425
424
424
424
425
424
424
424
425
436
581
424
424
424
425
424
424
424
425
454
580
437
580
425
424
463
581
424
424
424
425
424
424
424
425
424
424
424
425
424
464
580
424
425
462
580
424
464
580
425
424
424
424
455
580
424
424
425
436
580
425
424
424
455
580
424
424
425
424
424
446
580
463
581
424
463
581
424
424
424
455
580
424
425
424
424
424
424
455
580
454
580
425
424
424
424
425
454
580
425
424
446
580
861
580
424
424
425
424
424
437
580
424
424
464
580
425
424
463
581
424
424
464
580
424
425
424
424
424
425
424
424
424
425
424
424
425
424
424
424
425
454
581
424
424
424
425
424
424
424
425
424
861
580
424
424
455
580
424
425
424
424
424
10896
455
580
424
2300
580
424
425
424
424
446
580
424
424
425
424
455
580
424
454
580
424
424
425
424
424
776
445
580
425
424
424
437
580
424
425
453
581
424
424
424
425
424
424
424
425
424
424
446
580
424
424
425
424
454
580
425
424
424
424
425
424
424
425
424
424
463
580
424
425
424
436
581
424
424
464
580
424
437
580
424
425
424
446
580
424
424
8178
424
424
424
425
424
424
424
425
436
581
424
424
424
464
580
424
463
580
424
425
445
580
455
580
464
580
464
580
463
581
424
424
446
654
737
424
424
425
424
445
581
424
424
424
437
580
424
425
424
424
424
425
424
424
425
436
580
425
463
580
424
425
424
424
424
425
424
424
463
1044
580
424
455
580
424
424
437
580
424
455
580
424
424
425
462
581
424
424
424
425
424
424
424
518
580
424
425
454
581
454
580
425
445
580
425
424
424
424
425
424
424
424
425
424
424
424
425
424
424
424
425
424
445
602
9084
736
425
462
581
445
581
445
580
425
436
580
425
424
454
580
425
424
424
424
425
424
424
424
425
424
424
424
425
424
424
455
580
424
464
580
424
455
580
464
646
736
424
424
437
580
424
424
425
424
424
424
424
425
424
424
424
425
436
580
425
424
445
581
424
424
424
425
424
424
424
425
424
436
581
436
580
425
424
424
424
425
436
580
425
424
424
424
424
425
424
454
581
424
437
580
424
424
437
580
424
424
455
580
424
424
425
424
424
463
581
424
424
455
580
424
424
425
424
424
424
425
424
424
424
437
580
424
425
424
424
425
424
424
446
592
736
425
424
424
424
425
424
424
425
454
580
425
445
580
425
424
424
424
425
424
424
424
446
580
424
425
424
424
425
424
424
424
425
445
580
425
424
424
424
464
580
425
424
424
424
425
424
424
424
8036
736
436
581
424
424
424
425
424
424
424
463
581
424
424
437
619
737
436
1339
737
445
611
736
464
610
737
436
620
736
424
424
425
454
8591
581
424
424
424
455
580
424
454
580
425
424
424
424
425
424
424
424
425
454
580
425
508
580
425
424
424
425
424
424
446
664
736
425
424
424
424
425
424
424
424
424
425
424
424
424
425
424
445
581
424
424
424
425
424
424
424
424
437
580
424
425
445
611
736
424
424
425
424
424
424
437
580
425
424
424
446
580
424
437
580
464
580
424
424
425
424
424
424
424
425
445
581
424
424
424
424
425
424
424
424
437
580
425
424
454
30708
580
463
580
425
424
424
424
425
424
424
424
425
424
732
959
424
424
425
424
436
580
425
424
424
446
580
424
424
424
425
424
424
425
436
580
424
437
580
424
425
424
424
425
424
424
424
424
425
424
424
455
580
424
454
581
463
580
424
425
436
581
424
424
454
580
424
425
424
424
424
425
445
580
425
424
424
8562
425
424
424
424
424
425
424
424
437
580
424
425
424
861
580
424
424
425
424
463
580
424
446
580
424
425
424
424
424
425
424
424
424
425
463
580
425
424
424
425
424
424
424
425
424
424
424
463
581
424
424
424
425
424
424
424
425
424
424
424
425
424
424
424
424
446
1377
1048
424
424
424
425
463
581
424
424
870
580
424
425
424
464
580
424
424
425
424
424
437
580
437
580
424
424
464
580
424
425
424
424
888
580
437
580
424
425
424
424
424
425
424
424
463
580
424
7314
580
437
580
424
446
580
424
424
560
424
424
424
425
424
424
424
425
454
581
424
454
580
464
580
425
424
424
424
425
454
1005
424
424
425
463
580
424
425
424
424
424
425
436
580
425
424
424
424
424
425
424
1083
736
424
437
580
424
424
425
424
424
424
425
424
445
581
424
424
425
436
580
425
424
463
580
425
424
425
462
580
425
424
463
580
425
463
580
424
425
424
424
424
425
424
472
580
12868
424
446
580
424
425
424
424
424
425
424
424
424
424
425
424
424
424
455
580
455
580
424
437
580
424
424
437
580
424
425
424
424
424
424
425
424
424
424
425
424
517
581
424
424
437
580
424
424
437
580
424
414
199
436
580
425
424
1489
736
425
424
438
92
580
424
4181
1409
736
424
425
424
424
424
425
424
424
425
424
424
464
580
424
424
437
580
424
425
424
424
424
463
581
424
424
487
425
424
454
580
425
424
424
425
424
424
455
580
445
656
736
446
655
736
437
580
437
592
737
454
620
736
455
610
737
436
655
736
455
592
766
1049
424
424
424
861
580
425
424
424
424
425
424
424
424
425
436
580
425
424
445
581
463
581
424
424
463
580
424
425
424
424
424
425
424
732
580
424
425
424
424
424
455
580
424
455
580
424
424
424
425
424
446
580
424
424
425
424
424
424
425
424
424
424
425
424
424
424
437
580
424
425
424
454
581
424
424
424
425
424
424
424
424
425
424
424
424
9117
580
424
425
424
424
424
425
424
445
655
736
425
436
581
424
424
424
425
424
424
424
425
424
424
425
454
655
736
424
424
425
424
424
424
425
424
424
424
425
424
424
424
1218
4598
737
424
424
424
424
425
424
424
424
455
580
424
446
580
425
424
424
424
425
424
424
424
455
807
424
424
425
424
454
581
424
424
424
425
424
424
424
425
424
464
580
424
424
425
445
580
425
424
437
580
424
455
580
455
580
424
424
425
424
424
424
425
424
424
424
425
454
580
424
425
424
424
424
425
424
424
424
464
580
425
424
424
424
425
424
424
425
445
580
425
445
580
425
445
580
437
580
425
453
581
424
446
601
736
446
580
424
425
424
424
455
580
424
424
425
424
424
463
580
425
424
436
581
424
424
425
424
424
424
425
424
424
424
425
424
732
580
425
887
581
424
454
581
424
424
424
425
424
424
437
580
424
425
424
424
424
425
424
454
581
424
424
424
425
424
424
455
580
464
580
424
424
425
424
424
424
425
424
424
424
424
425
424
463
580
424
11335
424
425
424
437
580
424
424
446
580
424
425
424
424
424
425
424
424
425
463
1456
736
886
580
455
580
424
424
425
424
424
851
580
445
581
424
424
425
445
580
425
424
424
424
425
424
424
424
425
436
581
424
424
464
580
424
425
424
424
424
425
424
463
580
424
425
424
424
424
425
424
454
580
464
580
424
424
425
424
424
424
425
424
454
580
424
424
425
424
424
446
628
737
424
424
454
581
424
424
424
425
424
424
424
425
424
424
424
454
580
446
646
736
425
424
424
424
425
424
424
425
424
463
580
424
425
424
424
424
425
445
580
425
424
424
424
464
580
424
424
437
580
425
424
424
424
425
424
424
424
425
424
424
424
446
580
425
424
424
454
580
425
424
454
581
445
3551
424
424
424
424
425
424
424
425
424
732
580
424
425
424
424
424
861
656
736
424
437
580
424
424
446
580
424
425
424
424
424
425
424
424
463
580
425
463
581
424
424
424
425
424
424
437
592
737
424
424
424
425
436
580
425
424
436
581
424
424
424
437
580
425
8568
424
424
425
445
581
424
437
618
737
445
581
424
454
580
425
424
424
424
424
464
580
424
425
424
424
424
425
424
424
425
424
424
424
425
424
424
424
425
463
580
424
446
580
455
580
437
592
737
462
655
737
436
637
737
445
628
737
463
580
425
424
424
424
455
580
424
425
424
424
424
425
878
580
437
580
424
424
455
580
425
463
580
424
424
455
580
437
580
424
424
425
424
424
424
425
424
437
580
424
424
425
424
424
424
424
425
424
424
424
425
436
580
425
870
580
424
424
425
424
445
581
424
424
424
425
424
454
628
736
424
424
425
454
580
425
424
424
424
425
424
424
437
580
424
425
424
424
424
425
424
424
424
424
425
424
424
424
425
424
424
424
424
425
424
424
424
425
424
424
424
425
424
424
455
580
424
454
1568
1669
1661
2064
1980
425
424
424
424
425
424
424
425
424
424
424
464
580
424
425
424
455
580
424
424
424
425
424
424
463
580
425
424
424
424
424
425
424
463
580
424
425
424
424
424
425
454
580
425
454
580
425
424
424
424
425
454
9654
424
425
424
424
424
425
463
580
425
424
424
425
424
424
424
437
580
424
425
424
424
424
425
424
454
580
454
581
424
455
580
444
581
424
424
424
425
463
581
424
424
464
580
424
425
424
424
424
455
580
424
446
580
424
425
424
463
580
455
580
446
580
436
581
424
424
437
580
424
424
424
425
424
424
424
464
580
424
424
464
580
424
424
446
610
736
424
425
424
463
581
424
424
424
425
424
424
424
425
424
424
446
92230
580
463
580
425
424
424
425
424
424
424
463
580
425
424
436
581
424
424
424
425
424
424
463
580
424
425
424
436
580
425
454
581
424
454
580
454
581
424
437
580
424
424
425
424
424
500
580
424
455
580
424
446
580
424
424
425
424
455
580
436
581
424
424
424
425
424
424
424
425
463
2350
736
424
1083
580
1944
580
424
424
425
445
581
424
424
424
425
424
424
424
425
424
424
446
580
424
425
424
454
580
425
424
463
580
424
425
424
424
424
446
580
424
425
424
424
424
424
425
424
424
425
436
580
732
580
424
437
580
424
425
424
424
424
424
425
424
424
424
425
444
581
2713
425
436
580
425
424
463
638
736
454
581
463
581
454
580
425
454
581
436
581
445
581
455
610
736
424
425
424
424
424
455
580
424
425
424
424
424
425
463
9118
580
425
424
424
424
425
463
580
425
436
580
425
424
424
464
580
424
424
464
580
424
424
455
580
424
425
517
581
424
424
424
425
424
424
464
580
424
425
424
424
424
425
424
437
580
424
424
455
580
424
463
580
425
424
424
424
425
424
424
424
424
425
424
424
424
425
424
454
581
424
1100
1357
2247
1048
424
424
463
581
424
424
464
580
424
425
424
424
424
414
261
425
424
445
581
424
424
424
455
92
602
736
424
424
425
424
424
424
425
424
424
424
425
424
424
424
437
580
424
424
425
424
425
463
580
455
580
424
425
424
424
424
425
424
424
424
425
454
580
425
454
581
424
463
580
425
424
463
581
436
580
425
436
580
425
424
424
425
424
424
463
580
424
446
580
848
425
424
463
1026
580
424
424
464
580
424
464
580
424
424
425
424
424
424
425
454
580
425
453
581
424
463
581
436
580
424
425
424
424
424
425
424
424
424
425
424
424
424
437
580
425
424
445
620
736
424
425
424
445
581
424
424
446
580
424
446
619
737
424
424
437
580
424
425
424
462
581
424
436
8710
580
425
424
424
424
455
580
424
455
580
425
436
580
425
463
580
425
424
424
425
424
424
424
425
424
424
425
424
436
581
424
424
2186
790
736
425
1046
580
425
424
553
580
425
424
424
526
580
424
425
424
424
424
425
424
424
473
580
424
446
580
424
425
463
580
425
424
454
581
424
424
425
424
424
424
425
424
424
424
425
424
424
425
424
454
581
424
424
424
425
424
424
425
424
424
424
425
424
424
425
424
424
463
580
424
464
580
424
425
445
580
424
425
424
424
424
425
424
424
424
455
580
424
425
424
424
424
888
580
425
424
424
425
424
424
424
425
424
424
425
424
424
424
425
424
424
424
425
424
424
446
580
424
425
424
424
424
425
424
424
425
463
580
424
425
732
580
425
424
424
425
424
424
455
580
424
424
425
424
424
425
445
580
425
424
437
580
424
424
425
424
499
581
424
424
424
425
445
581
424
424
424
425
436
580
425
424
424
446
580
424
425
424
424
424
425
424
424
455
580
424
446
580
424
424
425
424
424
425
424
424
424
425
424
424
424
425
424
424
425
463
580
424
425
424
9629
580
455
580
634
580
424
425
424
424
464
580
424
424
425
424
424
425
424
424
424
425
424
424
437
580
424
425
454
580
425
424
424
425
424
424
445
580
445
580
424
425
424
463
580
425
424
424
424
424
425
454
580
424
425
424
424
425
436
580
425
424
424
464
580
424
425
454
580
425
424
424
424
425
445
655
737
424
424
424
425
424
446
580
424
424
425
424
424
425
424
424
437
580
436
593
736
454
580
424
425
424
424
446
580
424
425
445
580
425
446
601
736
30782
581
424
424
424
424
425
424
446
580
424
463
2055
4898
1048
424
425
424
424
425
424
424
424
446
619
737
424
424
424
464
580
551
424
424
424
437
580
424
425
424
424
463
581
424
424
454
580
9451
424
424
424
425
463
580
424
425
463
580
463
656
736
445
581
424
424
425
445
580
424
425
424
424
425
445
580
425
424
424
464
580
446
580
424
424
425
424
424
424
425
424
424
425
424
424
424
424
425
424
446
580
424
455
655
736
424
455
580
424
425
424
424
424
425
424
424
425
445
580
425
424
424
425
526
580
425
424
424
446
646
736
425
424
424
455
580
424
463
580
425
454
580
424
464
580
425
424
436
581
424
424
424
425
424
424
437
580
424
424
425
424
424
424
425
424
424
424
425
424
424
437
580
1273
5631
425
424
455
580
424
446
580
424
424
425
463
580
424
425
445
581
454
6953
736
424
455
580
425
436
580
425
424
424
424
425
424
712
425
424
424
437
580
424
424
425
463
580
425
424
424
424
437
580
437
580
424
425
424
445
580
424
425
424
424
424
425
424
424
464
580
424
437
580
424
425
424
424
425
424
424
424
425
424
424
424
425
436
580
137
424
9658
580
424
425
424
424
464
580
437
580
445
581
424
424
424
464
580
424
424
454
581
424
424
425
424
424
424
446
580
424
425
424
424
425
424
424
424
425
424
424
424
425
463
580
425
445
581
445
655
736
455
580
454
580
437
580
424
424
425
454
581
454
580
424
455
580
424
446
580
445
581
424
424
424
445
581
424
424
424
425
424
424
424
425
463
580
425
424
424
425
424
424
424
463
580
425
424
424
424
424
425
424
436
581
424
424
424
464
580
424
437
580
424
437
580
424
425
424
424
446
580
424
425
424
424
424
425
424
424
446
580
445
581
424
424
424
425
463
580
425
424
463
6989
736
424
425
424
1094
580
425
424
424
425
424
463
580
424
424
425
454
620
736
424
424
425
454
580
425
424
424
424
425
424
424
424
425
424
424
424
425
424
424
446
580
424
424
425
454
580
425
454
580
425
454
581
424
424
424
425
424
424
424
425
424
424
424
437
580
424
425
445
580
425
424
424
424
455
580
424
425
424
9356
424
464
580
424
425
436
580
425
424
463
580
424
424
446
580
424
425
424
424
424
425
424
534
581
446
580
500
580
424
425
462
581
424
463
581
445
581
454
581
454
581
436
580
446
580
424
424
425
424
437
580
424
424
446
580
455
580
424
425
424
424
424
425
424
424
424
425
445
580
425
424
424
425
463
581
453
581
424
424
463
1797
1536
2244
2011
1980
424
424
425
424
424
424
425
424
445
581
424
424
424
425
696
424
424
424
425
424
454
581
453
581
454
581
424
445
581
424
424
425
424
424
424
424
425
454
580
425
436
581
424
424
424
424
425
424
424
424
464
580
424
425
424
424
424
425
424
424
424
424
425
732
580
425
424
527
610
736
437
580
424
425
424
463
580
425
424
424
424
425
424
462
581
424
424
455
580
424
425
424
424
424
425
445
581
424
424
424
425
424
424
424
425
424
424
425
424
424
446
580
424
425
424
424
424
455
580
509
580
424
424
425
424
424
425
454
580
425
424
424
425
424
424
509
580
8522
425
424
424
424
425
1073
737
424
424
464
580
424
446
580
446
580
424
424
424
425
424
424
424
425
424
424
424
424
425
424
424
424
425
424
424
424
424
425
424
424
424
425
424
454
2538
736
3670
580
424
425
424
424
424
425
424
424
446
655
736
424
424
424
424
437
580
424
425
707
581
424
424
425
436
580
425
424
424
424
425
424
424
446
580
424
424
425
424
463
580
424
425
424
424
424
425
424
424
437
580
424
455
580
424
455
580
437
580
424
424
425
445
581
424
424
464
580
424
490
581
424
454
581
463
580
425
424
445
581
463
580
425
424
424
425
424
424
424
425
424
424
446
580
424
424
425
424
424
463
580
424
425
454
580
425
424
424
425
424
424
446
816
736
425
424
424
424
425
424
424
425
454
580
425
424
424
425
424
424
571
581
424
445
581
424
424
424
425
424
424
424
425
424
424
446
580
424
425
424
424
424
425
424
424
464
580
424
425
424
424
424
425
424
472
580
888
580
436
581
424
424
424
425
424
424
424
425
424
424
424
455
580
463
581
11446
580
424
425
424
424
424
425
424
424
464
580
424
454
581
445
593
736
454
1465
1837
1048
425
445
581
424
463
580
425
667
424
425
424
463
580
424
425
424
424
424
425
436
581
424
424
446
601
737
424
424
424
425
424
446
580
424
424
425
424
424
424
425
424
424
437
580
455
580
424
425
454
580
425
424
464
580
424
424
425
424
424
424
425
436
580
425
424
424
424
425
424
424
464
580
424
425
463
580
424
424
425
424
424
424
425
424
424
424
425
424
463
581
424
424
425
454
580
463
581
424
424
445
581
424
446
580
424
424
424
425
424
424
425
517
580
425
424
424
455
580
446
580
424
424
425
424
445
581
424
424
424
425
445
581
860
581
454
580
424
437
580
424
425
453
581
454
581
424
424
424
425
424
424
424
425
424
424
424
446
580
424
425
436
581
453
637
737
463
581
454
602
736
437
580
445
581
436
581
454
580
424
425
424
424
424
425
424
424
424
455
2522
737
424
424
424
425
424
445
581
424
463
581
424
424
6671
1870
424
457
446
580
445
580
455
628
736
424
424
425
424
424
424
425
424
424
424
425
424
424
446
580
424
424
454
580
425
424
424
463
580
425
424
424
425
436
580
425
424
424
424
425
424
424
455
580
463
580
424
424
425
463
580
424
424
425
424
424
424
437
580
424
425
454
581
424
424
424
424
425
424
446
580
454
580
463
581
424
424
437
580
424
424
425
424
445
581
424
424
92303
463
580
425
424
424
424
437
581
454
581
463
580
455
580
424
425
424
424
424
424
425
424
424
425
424
424
424
437
580
424
425
424
424
424
454
581
424
424
424
425
424
424
424
437
580
425
436
611
736
424
454
581
454
581
463
691
736
463
580
425
424
424
424
425
436
620
736
437
580
437
637
736
463
580
425
445
580
425
445
581
445
629
736
424
464
580
425
463
580
424
446
580
437
580
446
637
736
425
424
424
446
580
436
581
424
424
437
580
424
425
445
580
425
424
424
1285
580
425
445
602
736
1991
580
1887
580
725
1665
737
424
424
670
581
453
580
455
580
425
453
619
736
425
424
424
424
425
424
424
424
425
424
424
425
424
424
454
655
736
425
463
580
424
446
602
811
1114
2055
2002
1980
424
425
424
424
425
424
445
581
463
580
425
424
424
437
580
424
425
9309
424
424
425
424
424
424
425
454
581
424
424
424
425
424
424
569
581
436
814
736
424
446
580
424
425
424
424
455
580
463
580
425
424
424
424
424
425
424
424
425
424
454
581
424
424
425
424
424
455
580
424
424
425
436
580
425
453
581
424
424
446
580
424
424
425
424
424
424
425
424
424
424
425
424
424
446
637
736
425
424
424
424
425
424
424
425
424
424
424
454
580
424
425
424
445
7564
737
436
580
425
424
424
424
425
424
437
580
424
424
437
580
424
425
424
424
424
425
748
424
424
425
424
424
437
580
424
425
424
424
396
1120
736
732
580
445
580
424
446
580
424
425
424
424
424
425
424
445
581
424
424
424
425
424
424
425
424
424
446
580
424
425
463
580
425
454
580
425
424
424
464
580
424
424
455
580
425
424
424
424
425
424
437
580
424
424
425
436
580
425
424
463
580
424
424
455
580
424
437
580
424
425
454
581
424
445
581
424
424
425
424
463
580
425
424
424
425
424
424
424
425
424
424
425
424
463
580
424
464
580
424
425
424
424
9537
581
424
424
424
424
425
436
581
445
580
425
424
454
580
437
580
424
424
425
424
424
424
425
424
424
446
580
437
580
424
424
425
424
424
464
580
424
424
425
424
424
424
879
1732
5230
1048
425
424
424
455
580
424
455
580
424
425
454
581
424
424
424
463
580
424
425
424
424
712
424
446
580
424
424
425
424
424
424
425
424
424
425
424
424
424
490
581
424
424
424
464
581
463
580
463
580
425
454
581
424
445
646
736
424
425
424
424
425
424
424
437
580
424
446
580
424
446
580
437
580
424
464
580
437
580
663
629
736
424
424
424
425
424
424
437
580
424
425
436
580
425
424
436
581
424
424
425
424
424
424
425
445
580
425
424
424
437
580
424
425
424
424
424
425
424
424
446
592
737
424
424
424
425
424
424
879
580
424
463
580
424
446
580
463
581
424
424
526
817
737
424
424
424
425
436
581
424
424
424
425
424
424
424
425
463
581
463
580
424
425
424
424
424
425
424
424
1128
736
424
425
424
424
424
425
424
12642
424
634
1616
1126
1048
424
437
580
425
424
436
581
424
424
446
580
424
425
424
436
581
424
445
581
424
424
425
424
738
472
581
424
424
463
581
424
424
424
425
424
424
424
425
424
424
425
424
424
424
424
425
424
445
581
424
424
424
437
580
425
424
424
455
580
424
464
580
424
425
445
580
455
580
424
424
425
424
424
455
580
424
424
425
424
424
424
425
424
424
424
425
397
1127
736
425
436
580
425
424
424
424
425
424
424
455
580
424
425
424
424
463
580
446
580
424
424
425
424
424
424
425
424
732
580
424
464
580
424
424
518
580
425
424
445
581
424
424
425
424
424
424
425
424
424
424
544
580
425
424
424
424
425
454
581
424
424
424
425
424
424
446
619
737
424
424
424
425
424
424
424
425
424
424
424
425
463
580
424
424
425
424
424
424
425
436
580
425
424
424
424
424
425
424
424
424
425
424
424
424
425
424
424
424
455
580
424
425
424
445
581
424
446
580
424
1388
10556
767
1049
463
628
737
454
593
786
473
580
463
581
463
602
736
463
581
424
424
424
425
424
455
580
424
424
455
580
425
424
424
424
425
424
436
581
424
424
437
580
424
425
424
446
580
424
424
425
424
424
425
436
580
437
580
424
464
580
424
424
425
436
581
424
424
424
425
424
424
424
464
580
425
424
31100
445
580
425
424
424
424
455
580
437
580
424
424
425
424
424
424
425
424
424
425
424
424
424
425
424
424
424
463
580
424
425
463
580
425
424
437
580
424
424
464
580
424
425
424
454
580
424
424
425
424
424
455
580
424
425
424
462
581
424
424
425
424
424
424
425
424
424
424
425
463
1977
737
984
580
425
424
424
424
425
3707
527
580
425
463
580
424
425
424
424
446
580
424
8815
424
425
424
424
425
424
454
581
424
424
464
580
424
425
424
424
424
425
424
424
424
425
463
580
425
424
424
425
424
424
424
425
424
424
424
425
424
424
455
580
463
581
424
424
425
445
580
424
425
424
424
424
425
454
580
425
424
424
454
580
425
424
424
424
425
424
424
424
425
424
424
545
580
424
635
1101
736
424
425
424
424
424
425
424
424
424
482
580
436
581
424
455
580
424
424
424
425
424
424
425
462
581
424
424
424
425
424
424
424
425
424
424
424
425
463
580
425
436
580
425
424
424
424
437
580
424
464
580
424
424
425
424
424
424
425
1074
736
424
424
424
425
462
1035
1103
2636
1048
425
424
424
425
424
424
424
425
424
424
424
425
424
424
425
424
424
424
425
424
424
424
425
454
581
424
424
424
1337
1103
919
1048
425
445
581
436
580
425
424
424
424
425
424
424
424
425
424
424
424
425
424
424
424
464
580
424
425
463
580
425
424
424
424
425
424
424
424
425
424
424
424
437
580
424
425
424
424
425
424
424
437
580
424
424
437
580
424
8655
424
425
424
424
425
424
455
580
424
463
580
424
425
424
424
424
425
454
580
425
454
581
424
424
424
425
424
424
518
580
424
424
424
425
424
424
437
580
424
424
425
424
424
424
425
424
424
424
425
424
424
424
425
424
424
437
580
424
424
425
424
424
424
425
463
580
425
424
445
581
424
424
424
425
445
580
425
424
424
424
425
424
424
425
463
580
425
424
424
424
2970
424
424
437
580
425
424
424
424
425
424
424
454
580
455
1729
5233
1048
437
580
424
464
580
424
424
1038
736
425
424
424
136
425
424
424
580
454
580
425
424
445
581
424
424
424
425
436
580
3354
803
1048
425
436
581
437
592
736
437
610
737
436
593
736
464
580
425
454
580
437
580
464
654
737
424
424
424
425
424
424
425
424
424
424
425
424
424
424
425
424
424
425
424
424
424
424
425
424
424
437
580
424
425
463
580
424
425
436
581
424
508
580
455
580
424
425
8592
425
424
424
424
424
425
463
581
436
580
424
425
424
454
580
424
425
436
581
424
424
424
424
425
424
424
424
425
424
424
424
455
580
424
424
425
454
580
425
424
424
424
424
425
424
424
424
425
424
424
425
424
436
580
425
424
424
424
425
424
436
581
424
424
424
425
463
580
424
425
463
580
424
425
445
610
736
424
425
424
424
424
425
424
424
424
425
424
424
424
455
580
424
424
455
580
425
912
581
424
424
424
424
425
424
1159
580
425
424
424
424
721
424
446
580
424
425
424
436
581
424
424
424
425
424
424
425
424
424
424
425
424
463
580
424
870
580
424
424
425
424
454
581
878
581
424
424
424
425
424
436
581
424
424
424
425
424
424
424
463
580
425
454
580
425
424
424
424
425
424
455
580
424
424
424
425
424
464
580
463
580
446
580
424
424
424
437
580
424
425
424
424
424
425
424
446
580
445
581
424
424
424
425
424
424
424
425
445
580
424
425
424
424
446
580
446
580
424
424
425
445
580
425
424
424
424
425
445
580
425
424
424
424
425
424
424
446
580
464
580
424
424
437
580
9246
481
580
446
580
424
425
424
464
580
424
424
879
580
425
424
424
446
580
425
454
580
424
425
424
436
581
424
424
424
425
424
424
424
425
424
424
425
445
580
425
424
424
424
437
580
425
424
424
463
580
425
463
1285
736
425
424
1264
580
1987
895
490
580
424
425
423
425
424
424
424
425
424
424
437
580
424
425
424
445
581
424
424
425
424
424
424
425
424
424
425
424
436
581
445
3766
580
425
463
580
425
436
646
736
424
446
580
463
580
424
425
424
424
424
425
454
580
425
445
581
424
879
580
424
424
425
424
424
424
425
462
581
424
424
424
425
424
424
424
424
425
424
424
446
619
737
424
424
424
424
455
611
736
424
424
424
425
424
424
446
580
454
581
424
424
424
425
424
424
424
424
425
424
424
424
425
424
445
581
463
581
424
424
424
424
424
424
425
424
424
424
425
424
424
424
425
424
424
425
424
424
424
455
580
424
425
424
424
424
446
628
736
424
425
424
424
8643
425
463
580
425
424
424
424
425
424
424
455
580
424
446
580
424
463
580
425
424
2107
580
424
3839
580
436
581
436
580
571
424
424
437
580
424
424
425
424
424
425
424
445
581
445
581
424
424
424
425
424
424
424
424
425
424
424
424
425
454
580
446
580
424
92637
424
425
424
424
425
463
580
424
425
454
580
424
425
424
424
424
437
580
425
424
436
581
424
424
437
580
424
425
424
424
424
425
424
424
437
580
424
425
424
424
424
425
424
437
580
424
424
454
580
455
580
424
463
580
425
424
424
437
580
424
425
424
424
425
463
580
425
424
424
424
455
580
425
424
424
424
425
445
580
446
580
424
425
424
437
580
424
424
425
424
424
425
424
454
581
424
424
424
425
424
424
424
697
580
446
580
424
424
425
424
424
424
425
424
424
425
424
424
424
425
424
424
424
424
425
424
424
437
580
424
425
424
424
424
425
424
424
446
807
736
425
424
424
424
425
424
424
455
580
437
580
424
424
425
424
455
646
736
425
424
424
437
580
424
425
424
445
581
424
424
425
424
454
581
436
581
424
424
446
580
446
601
737
463
580
634
3273
1860
1049
424
424
424
425
424
424
424
446
580
425
436
580
424
425
424
424
455
580
532
424
437
580
446
580
446
580
8545
425
424
437
580
454
581
436
619
737
424
455
619
736
455
628
811
1048
424
464
580
425
424
454
581
445
580
464
580
424
425
424
424
424
425
424
464
580
424
424
425
424
424
424
425
424
462
581
424
446
580
424
424
425
445
602
736
445
581
424
424
424
425
424
424
424
425
424
598
580
425
424
424
437
580
424
464
580
424
424
425
424
424
424
425
424
424
425
424
424
424
425
424
424
424
446
580
425
424
424
424
424
425
424
424
425
424
424
424
425
445
580
425
424
424
425
424
454
581
454
580
425
424
424
424
425
424
424
425
436
580
464
580
424
425
424
424
424
425
463
580
424
424
425
1056
736
424
1600
1382
2646
1429
1980
425
436
581
424
424
424
425
463
580
425
424
424
425
424
424
424
455
580
424
425
424
424
424
888
605
454
580
445
580
424
424
425
453
581
424
424
424
425
424
424
454
580
425
424
424
424
464
580
425
424
424
424
463
580
425
424
424
424
425
424
424
425
424
424
424
425
424
424
424
446
9416
581
424
424
437
580
437
580
437
580
437
580
455
619
737
453
581
445
655
736
446
637
736
425
454
580
425
424
424
424
424
464
580
425
424
424
424
425
424
424
424
425
424
424
425
424
424
424
425
424
446
580
424
424
425
424
436
581
424
424
463
580
425
424
446
646
736
424
425
445
580
437
580
425
424
463
580
424
425
424
424
425
424
424
424
446
580
424
424
425
424
424
425
424
424
455
580
424
464
580
424
425
436
580
425
424
424
425
424
424
463
593
2134
4809
2037
1980
424
425
424
454
580
445
581
672
580
424
425
462
886
425
424
446
580
424
424
425
424
436
581
424
424
425
424
424
424
425
463
580
425
424
424
425
424
424
424
446
580
424
425
424
424
463
580
424
425
463
580
424
424
425
454
581
445
580
425
424
424
424
424
437
580
424
454
581
424
424
425
424
436
581
424
424
424
454
580
446
580
424
425
424
424
424
425
424
424
424
425
424
424
424
425
424
424
425
463
580
8817
425
424
463
581
424
425
694
581
424
424
424
425
424
424
424
425
424
424
424
437
580
424
425
424
424
425
424
424
424
425
424
424
437
580
424
425
424
463
581
424
424
437
580
424
424
464
580
424
424
454
581
424
463
581
424
424
437
580
424
424
437
580
424
424
425
436
580
425
424
424
424
424
425
436
580
425
424
424
424
425
424
424
437
580
424
424
425
454
580
455
580
437
580
437
580
424
446
580
463
1194
1851
2107
3306
2002
1980
445
581
424
424
425
424
424
424
464
580
424
425
436
580
425
424
424
424
425
424
424
437
580
424
870
580
424
425
424
424
526
581
424
424
424
425
454
581
424
424
424
425
424
454
580
425
445
620
736
424
425
424
436
581
424
424
425
424
424
446
580
424
424
425
424
424
425
445
580
425
424
425
445
580
424
425
424
446
580
424
424
424
425
424
424
424
425
424
424
424
463
580
425
424
463
580
425
424
670
580
526
580
425
424
424
424
509
637
736
424
424
455
580
424
425
424
424
425
454
580
425
424
424
424
425
8479
424
425
424
424
424
425
454
581
454
580
425
424
424
446
580
424
424
425
424
437
580
424
437
580
424
425
436
580
425
424
437
580
424
424
425
445
580
425
424
424
424
446
580
425
424
424
446
580
424
425
424
424
464
580
424
424
425
424
424
425
424
454
580
424
425
424
424
424
4164
3037
580
424
424
425
463
581
424
424
424
425
424
424
424
425
424
424
424
425
424
424
425
424
424
463
580
425
424
424
425
424
424
424
425
424
436
581
445
580
425
424
424
424
455
580
424
425
424
424
425
463
580
424
424
741
580
424
424
425
445
580
425
424
424
424
464
580
424
425
424
424
424
424
455
1005
424
454
580
425
424
463
580
425
424
424
424
455
1065
737
1177
580
480
580
464
655
736
455
592
737
535
580
424
498
619
736
424
424
425
424
424
424
425
453
580
445
581
424
424
424
425
436
581
424
424
464
580
424
424
425
424
424
424
425
424
424
425
454
580
425
424
424
424
425
424
446
580
424
463
580
424
446
8465
581
463
581
2716
580
425
424
424
424
425
424
424
424
425
424
424
424
425
424
424
424
464
580
425
721
424
424
424
425
463
580
463
581
445
580
425
424
424
424
454
581
445
580
446
580
425
424
424
424
425
424
424
464
580
424
424
425
424
424
425
424
424
424
425
424
424
424
425
488
580
424
425
424
424
446
580
424
425
424
424
424
425
424
31040
425
424
454
581
463
580
425
424
424
424
425
424
424
424
425
424
454
580
424
425
424
424
425
454
580
425
424
424
424
425
424
437
580
424
424
425
424
424
446
580
424
425
424
424
424
425
424
424
424
425
424
424
424
454
581
424
424
424
425
424
424
424
424
425
436
581
424
424
425
463
1373
1351
1048
10019
580
446
580
424
425
454
580
425
424
424
424
424
425
424
424
425
436
580
425
424
424
455
580
424
424
425
424
424
424
464
580
424
425
424
436
581
436
581
454
580
425
445
581
454
580
424
424
437
580
425
462
581
424
424
424
425
424
446
580
424
424
424
425
424
424
424
425
436
581
424
424
424
425
424
424
424
455
580
424
464
580
424
425
424
436
581
424
424
424
425
424
424
437
580
424
424
425
424
424
424
425
424
424
424
425
424
445
581
424
424
424
425
454
580
425
463
581
424
424
424
437
580
455
580
424
424
464
580
425
424
424
424
424
425
424
424
463
580
424
425
424
424
424
424
446
580
425
424
424
732
580
424
424
424
455
580
425
424
424
424
425
424
424
424
425
454
581
424
445
581
424
424
424
425
445
580
425
424
445
581
424
424
424
425
424
424
424
425
424
424
425
424
424
424
446
602
736
424
424
425
424
424
464
580
424
425
424
424
424
425
424
454
581
424
454
2778
736
758
1105
1574
1048
455
580
424
437
580
424
425
424
424
424
425
424
463
580
424
9243
879
580
425
424
424
424
425
454
580
425
463
580
425
424
424
424
425
424
424
455
580
424
463
580
424
424
425
424
424
424
464
580
424
424
425
424
424
424
425
454
581
424
445
581
424
424
424
424
425
424
424
424
464
580
424
464
580
425
424
424
424
424
425
424
424
424
425
424
424
424
425
445
580
425
424
424
464
580
424
536
580
424
425
436
580
425
424
463
619
736
2846
454
581
454
580
445
581
424
446
580
424
463
580
425
463
580
425
424
424
437
580
424
424
425
424
424
424
464
580
424
425
454
580
425
463
580
425
424
424
455
580
424
437
580
1055
736
424
425
424
424
425
424
424
437
580
424
425
424
870
580
7883
580
424
425
487
424
424
425
424
424
424
425
424
454
580
424
425
424
424
424
425
424
424
424
425
424
424
424
425
424
445
581
424
424
424
425
436
580
425
424
424
425
424
424
500
580
436
581
424
424
424
425
424
424
425
424
424
424
425
424
445
580
424
425
424
436
581
424
424
424
455
580
425
424
424
424
8697
424
425
463
580
425
424
424
424
425
424
424
424
424
425
445
580
455
580
424
500
580
518
580
424
425
463
580
425
424
424
424
425
424
424
424
425
424
424
424
424
425
424
424
437
580
424
424
425
424
424
424
424
425
424
424
425
424
424
424
425
424
424
437
580
424
424
437
580
424
425
424
424
424
425
424
424
424
425
424
424
424
425
424
424
424
437
580
424
424
425
424
437
580
463
581
424
424
424
4094
580
424
425
1922
1420
736
424
425
454
580
425
424
424
425
424
424
424
446
580
424
425
424
424
1101
736
424
424
425
424
424
424
425
424
424
455
580
424
424
425
462
602
736
424
425
424
424
454
580
425
454
580
425
454
655
736
424
425
424
424
425
445
580
425
424
424
424
464
580
424
424
498
580
424
425
436
580
425
424
424
437
580
424
424
425
454
593
736
424
455
580
424
425
424
446
580
454
581
424
424
455
580
424
424
870
580
425
424
424
424
425
424
424
424
425
424
424
425
424
424
437
580
424
424
861
580
425
424
424
425
424
8627
424
437
580
437
580
464
580
424
424
437
580
424
425
424
424
424
425
424
424
446
580
424
424
425
445
647
736
436
581
436
580
425
424
424
437
580
424
425
424
424
424
463
580
425
424
424
424
464
580
424
425
436
580
425
424
463
93078
737
453
581
445
581
463
581
445
580
425
445
580
455
580
424
425
424
424
425
424
424
424
425
424
424
424
1394
2045
2227
1609
2426
580
425
463
580
775
424
425
424
463
580
424
425
424
424
446
580
446
580
424
424
425
424
463
580
424
424
425
424
424
424
455
580
463
581
462
581
424
424
425
424
424
437
580
424
425
424
424
424
425
424
436
581
424
424
424
425
424
424
425
424
424
424
424
425
436
581
436
580
446
580
437
580
424
425
424
424
424
425
436
581
424
424
424
732
580
424
454
637
737
424
424
424
425
424
424
424
424
425
424
424
454
580
437
580
463
580
425
424
424
424
425
562
655
736
454
580
424
425
424
424
425
424
424
424
425
424
463
580
424
464
580
424
424
425
424
424
424
425
424
424
424
425
424
437
580
424
424
425
436
581
424
424
425
462
580
425
454
580
1100
736
424
425
454
581
424
424
424
425
424
424
424
446
580
424
425
424
424
424
437
4229
462
581
424
8716
424
425
463
580
455
611
736
463
580
464
581
436
580
613
424
424
425
424
424
424
425
445
581
424
424
424
446
580
425
424
424
424
446
580
446
580
424
425
424
424
463
580
425
436
580
425
424
424
455
580
436
581
424
424
424
425
424
424
424
437
580
437
580
437
580
424
424
424
425
424
424
424
446
580
437
580
424
464
580
424
425
424
424
424
425
424
463
581
424
424
424
455
593
736
463
581
463
619
793
1048
424
425
424
424
425
424
463
581
424
446
580
454
581
436
581
424
424
424
437
580
424
425
424
424
455
580
1023
580
606
581
509
717
737
463
655
775
1048
454
682
736
425
424
424
464
580
424
424
464
580
424
425
424
436
581
424
446
580
454
581
463
601
737
424
424
425
436
581
424
424
424
464
580
463
581
424
424
424
425
436
580
425
424
424
424
424
446
580
425
436
580
425
424
424
463
2688
4301
1048
424
425
424
424
446
580
424
424
425
424
500
580
621
425
424
424
425
424
9331
424
424
425
424
424
424
425
424
424
454
580
464
580
424
425
424
424
424
425
424
424
424
425
424
424
424
425
424
424
424
425
436
581
424
454
581
424
424
463
581
424
463
581
424
424
425
424
424
424
425
472
580
425
424
424
424
464
580
424
425
424
424
424
425
424
424
425
424
424
424
437
580
425
454
580
424
425
445
581
424
424
424
425
462
581
424
424
437
580
424
425
462
581
424
424
463
580
425
424
455
580
870
580
424
425
424
424
424
425
424
424
424
425
424
424
424
437
580
425
424
424
437
580
424
424
425
424
424
424
425
424
424
425
424
424
455
580
636
580
425
470
581
424
424
455
580
424
424
425
424
424
425
424
424
424
437
580
424
425
424
436
581
446
580
436
620
2319
4661
2019
1980
425
424
424
424
425
424
424
424
425
462
580
425
445
580
425
703
424
425
424
424
437
580
424
425
424
424
424
425
463
580
424
425
436
580
455
580
424
425
499
580
425
424
424
424
424
425
9397
424
425
424
424
424
425
463
580
424
425
424
424
446
580
424
424
425
424
463
580
424
446
580
509
580
424
424
424
425
424
463
580
424
424
454
581
445
637
736
425
424
424
425
424
424
446
628
736
590
580
616
580
455
580
424
464
580
424
425
424
424
424
425
424
455
580
424
424
455
619
737
424
436
581
424
424
424
3819
424
424
425
454
580
425
424
424
424
425
436
580
425
424
424
425
436
580
454
580
425
424
424
424
424
425
454
581
436
580
425
424
463
581
424
424
425
454
580
425
424
424
424
425
424
424
424
425
424
1334
581
1063
581
424
857
581
424
1195
580
463
580
425
445
580
425
424
424
424
446
580
425
445
580
479
424
424
425
424
424
464
580
424
424
425
454
580
425
436
581
424
424
464
580
424
424
425
424
424
424
425
424
436
581
424
464
580
424
424
425
445
581
424
424
425
436
580
425
424
424
454
581
424
424
425
424
424
424
446
580
424
425
424
424
437
1026
580
424
424
425
424
424
424
446
580
424
9219
424
425
424
424
424
425
424
424
424
464
580
425
424
424
455
580
436
581
424
424
424
437
580
425
424
454
580
424
424
425
424
424
425
424
424
464
580
454
581
424
424
424
425
424
424
424
849
446
580
424
424
425
424
424
437
580
437
580
436
581
424
424
425
424
424
424
425
463
580
425
424
424
424
425
424
424
424
424
425
424
424
464
580
424
424
424
425
424
424
424
425
463
580
425
424
424
424
425
424
424
424
425
424
436
581
424
424
463
580
6373
581
424
424
424
464
580
424
424
599
610
736
425
424
424
424
1074
737
462
581
424
424
424
425
424
424
425
424
445
581
424
424
446
580
527
580
424
424
425
424
424
424
425
424
446
580
463
580
424
424
425
424
424
455
580
424
424
455
580
445
581
424
424
425
453
581
424
436
581
424
424
463
581
424
424
455
580
424
424
425
424
424
424
888
580
425
424
424
424
425
424
455
1025
581
463
580
424
425
424
424
424
425
436
580
425
423
425
463
580
425
436
580
9116
424
425
424
424
454
580
455
580
424
446
580
425
424
424
424
8240
424
425
462
581
424
424
446
580
424
425
424
424
424
425
424
424
424
425
424
424
424
425
424
424
424
425
436
580
425
424
437
580
424
424
425
424
424
425
424
424
454
580
455
580
424
463
1465
946
35550
1980
425
424
424
424
455
580
446
610
736
425
424
424
455
580
424
424
425
424
445
580
424
424
455
580
424
425
454
580
425
436
581
424
424
464
580
424
425
445
580
446
611
736
424
437
580
424
425
436
580
424
425
445
581
436
580
425
424
437
580
424
424
425
463
580
455
646
736
424
437
580
424
424
425
424
424
424
425
436
580
8781
424
425
424
424
424
425
424
2751
1123
1349
1906
1980
424
424
425
424
424
424
425
424
424
425
424
424
424
425
436
581
424
454
581
721
424
425
424
424
424
446
646
736
424
425
424
424
425
424
424
424
424
425
424
424
425
463
580
425
445
580
437
580
424
424
425
424
424
424
446
580
424
425
424
424
455
580
424
437
580
424
425
424
424
424
424
425
424
424
424
425
424
424
424
464
580
425
424
424
424
425
424
424
424
425
424
424
425
424
424
424
425
424
424
424
425
424
424
425
424
424
424
424
425
424
446
580
878
581
424
424
424
425
424
424
424
424
455
580
424
425
424
454
581
424
424
424
446
580
424
425
454
580
425
424
424
446
580
424
425
424
424
424
425
424
424
464
580
424
598
580
424
424
425
453
581
424
446
580
424
424
424
446
580
424
425
424
424
464
580
424
424
425
424
424
424
425
436
581
424
424
437
580
424
424
425
424
424
424
424
437
580
424
425
436
581
424
424
424
455
580
424
464
580
424
424
425
424
8601
424
425
424
424
425
453
580
425
436
581
436
580
487
424
446
601
736
437
580
424
425
424
424
425
424
424
9805
424
455
580
446
655
737
424
424
424
425
424
445
581
445
581
424
424
424
425
424
424
424
425
445
580
425
424
424
424
446
580
425
424
424
424
446
580
424
425
424
455
580
424
424
425
424
424
425
462
581
424
424
424
424
425
424
424
446
580
424
424
425
424
424
424
425
424
424
424
425
424
424
446
580
424
424
424
425
424
424
424
425
424
424
424
425
424
424
732
580
436
581
424
424
424
425
424
424
425
517
580
425
424
424
424
425
424
518
580
424
424
425
424
424
424
425
424
424
424
425
424
424
425
424
424
424
425
424
424
425
424
424
424
425
424
424
424
437
580
424
425
463
581
424
424
463
581
424
424
446
580
424
425
424
424
425
424
424
424
425
424
424
425
424
424
424
424
425
424
424
425
424
424
424
425
445
580
425
424
424
425
424
424
424
137
136
424
424
425
436
580
425
424
13234
481
581
454
581
436
581
445
581
454
580
425
463
593
736
424
424
425
445
580
425
424
424
425
424
436
581
424
424
446
580
424
437
580
464
580
446
580
424
464
580
424
424
425
424
424
425
424
424
463
580
437
580
424
425
424
424
424
425
424
424
425
445
580
425
424
424
425
424
424
424
425
463
580
424
424
425
424
424
424
425
713
870
737
424
424
455
580
424
446
580
424
425
424
424
454
580
437
580
424
425
436
581
424
424
424
424
425
424
424
424
425
424
424
425
424
463
580
424
455
580
424
464
580
425
424
445
581
424
424
424
425
445
581
424
869
581
424
437
580
424
424
446
601
737
463
580
425
424
436
581
424
424
425
1339
1105
4583
1048
424
437
580
424
425
445
580
425
436
580
437
580
424
425
424
424
425
424
472
581
424
424
424
425
424
424
425
424
424
424
446
580
424
425
424
424
424
425
424
424
424
446
580
425
424
424
424
425
424
424
4359
2970
437
580
424
424
425
9478
424
424
425
424
424
424
425
424
437
580
424
445
580
424
424
425
424
424
424
425
424
424
425
424
424
424
424
425
424
424
425
517
580
425
424
424
424
425
424
424
425
463
580
425
424
464
580
424
424
425
424
424
424
425
424
446
580
424
424
424
425
94199
424
425
445
611
736
454
581
424
445
580
535
601
736
437
580
425
424
424
424
425
424
424
425
445
580
424
425
424
424
455
580
424
425
424
424
424
446
580
437
580
424
425
436
581
424
424
424
463
580
425
424
424
424
425
424
424
424
425
424
424
437
580
424
425
454
580
437
580
424
424
425
424
424
424
425
424
424
424
425
424
463
1634
2260
1048
2025
580
425
424
424
437
580
424
424
425
424
424
424
706
424
424
425
454
580
425
424
424
424
425
445
581
424
424
424
425
462
1026
581
424
453
581
424
424
424
425
424
424
425
424
424
424
454
580
425
424
424
424
425
454
581
424
424
424
425
436
581
463
580
455
580
464
580
446
602
748
1048
446
580
455
619
776
1048
424
425
424
436
581
424
424
424
425
424
424
424
437
580
424
425
463
580
425
424
424
425
424
424
446
580
424
425
424
424
424
446
610
737
424
424
424
425
424
424
424
425
424
464
580
436
581
424
424
424
425
424
424
424
9273
424
424
464
580
424
425
424
424
425
454
580
424
425
424
436
581
424
437
580
424
424
424
425
424
424
424
425
454
580
425
424
424
424
424
464
580
425
424
436
581
424
424
424
425
424
424
424
425
424
424
424
425
445
580
424
425
424
424
424
425
424
424
424
424
425
424
424
455
580
424
446
580
455
580
436
581
424
424
424
425
7398
425
424
454
581
424
446
580
454
581
481
580
424
425
424
424
424
455
580
425
424
463
580
424
425
424
424
424
425
424
424
424
425
424
446
580
424
424
455
1034
581
424
424
424
454
581
424
424
424
425
424
436
581
424
424
424
425
424
424
424
425
424
424
424
425
424
437
580
424
437
580
424
424
425
454
580
425
424
424
425
424
445
581
424
424
424
425
424
424
425
424
424
424
424
425
424
424
497
581
424
424
463
581
424
424
697
581
597
580
425
424
424
424
425
424
424
455
580
424
424
425
424
424
464
580
424
425
424
424
446
580
424
424
425
424
424
425
424
424
425
436
580
424
425
424
424
424
455
580
424
9267
424
424
425
424
424
424
425
424
455
1329
454
580
437
592
737
424
445
580
425
424
463
1373
736
5195
581
424
424
437
619
736
437
580
446
655
736
464
580
446
580
437
619
737
424
424
424
425
424
424
425
424
454
580
445
581
445
580
425
445
580
464
580
424
455
580
424
455
580
446
580
464
636
737
436
580
464
580
437
619
736
425
424
454
580
425
445
655
736
424
455
580
424
425
424
445
620
736
424
424
425
463
580
425
424
424
424
424
425
424
445
581
645
647
802
1048
445
581
454
619
736
425
424
424
446
580
424
425
424
445
581
424
424
424
425
424
424
424
425
424
424
424
425
424
508
581
424
424
464
580
424
464
580
424
446
580
500
580
446
601
737
454
580
425
424
424
424
425
424
424
424
425
424
436
581
424
424
424
424
425
424
424
424
425
424
424
424
425
445
580
425
424
424
464
580
424
424
425
424
424
424
424
464
580
688
580
10648
581
463
581
462
580
425
424
446
580
640
424
424
425
424
424
437
580
424
425
424
424
424
425
454
580
425
445
581
424
424
424
425
436
581
424
424
455
580
424
424
425
424
424
424
424
425
424
424
425
445
580
425
424
424
424
425
424
424
424
425
436
581
424
424
464
580
424
425
463
580
425
424
424
424
424
425
424
424
446
580
424
425
463
580
455
627
737
445
581
437
580
437
592
737
445
581
445
580
446
655
736
455
580
446
580
424
424
425
424
424
446
580
424
424
425
424
463
581
424
424
464
580
424
424
455
580
424
425
424
463
580
424
424
424
425
731
581
424
455
580
424
424
424
425
424
437
580
424
424
425
424
424
424
425
424
424
424
425
424
424
424
425
424
424
464
580
424
425
424
424
424
455
580
424
425
424
424
425
424
424
446
580
424
424
425
436
593
736
424
425
424
436
581
424
870
580
455
580
424
425
424
424
424
446
580
424
425
424
436
581
424
424
424
425
424
424
424
425
463
1819
1655
3032
2054
1981
9296
424
425
424
424
424
425
424
424
424
425
424
445
581
445
629
736
463
580
424
424
425
424
424
424
425
424
424
424
425
424
424
424
425
424
424
424
425
424
424
463
581
424
424
424
424
425
424
464
580
424
424
424
425
424
424
424
425
424
424
425
463
580
424
425
424
424
455
580
424
425
424
424
424
732
580
517
581
424
424
425
424
424
424
425
436
581
424
424
424
455
580
424
425
424
424
425
424
424
424
425
424
472
580
425
424
424
425
445
580
425
424
424
424
455
580
455
580
424
437
580
424
425
424
424
425
424
424
424
425
424
424
424
750
580
424
424
425
424
424
424
425
424
424
424
425
424
424
424
425
424
424
425
436
580
424
425
424
424
425
424
424
424
425
424
424
425
436
580
424
425
424
424
424
425
424
454
1641
1403
3989
2046
1993
2028
2019
2011
1992
1980
425
424
463
580
424
437
619
737
424
424
437
580
424
424
446
580
424
424
425
424
462
581
424
8672
424
424
425
436
580
425
424
424
425
454
580
424
425
424
424
464
580
424
424
464
580
424
424
425
424
424
424
425
424
424
424
425
424
424
425
424
424
424
455
580
454
581
424
424
424
424
425
436
581
424
424
424
425
424
424
424
446
580
424
425
436
581
445
580
425
424
424
455
580
424
425
424
424
424
425
424
424
888
580
463
581
424
424
463
581
424
424
424
425
423
425
424
424
424
425
424
445
581
424
424
424
425
424
424
424
425
424
424
424
464
1105
736
424
424
425
3893
580
436
581
424
424
425
424
424
424
425
424
424
424
425
454
581
878
581
424
424
424
425
766
499
580
425
445
580
425
463
580
424
425
424
424
425
424
424
437
580
424
424
464
580
424
425
424
454
580
481
580
424
464
580
424
424
463
581
424
463
581
424
424
424
425
424
424
424
437
580
424
425
424
446
580
424
424
425
424
424
425
424
424
455
580
424
446
580
424
425
424
424
424
425
424
424
424
425
424
848
425
424
424
425
424
436
581
424
424
425
436
580
425
424
453
581
462
581
424
424
446
580
424
424
446
9614
580
424
425
463
580
424
425
424
424
424
425
424
424
424
425
462
581
424
436
581
424
424
424
446
602
736
463
580
425
463
580
425
424
424
464
580
424
425
424
454
580
464
580
424
879
580
425
463
580
424
424
425
424
424
424
446
628
2414
4566
2037
1980
425
454
581
424
424
464
580
424
424
424
425
424
424
424
775
490
580
424
446
580
437
580
424
424
446
580
424
425
424
454
580
424
424
425
30509
424
425
436
581
445
580
425
424
424
424
425
436
580
425
424
424
424
425
424
424
424
455
637
736
437
580
424
424
425
424
436
581
454
580
397
723
580
424
424
425
424
437
580
424
424
437
580
424
8512
472
580
424
425
424
424
424
425
424
424
425
463
580
424
424
137
424
464
580
424
424
455
580
424
425
424
424
424
425
424
424
424
425
445
580
425
424
1661
780
4587
736
425
424
436
581
424
424
425
454
580
425
424
424
424
424
437
643
424
424
424
425
463
580
424
424
424
425
424
424
437
580
424
424
437
580
425
424
424
424
464
580
424
455
580
424
446
602
736
424
424
425
424
424
424
424
425
424
446
580
424
424
425
424
445
581
424
424
437
580
424
424
425
424
463
581
424
424
424
425
424
424
424
455
580
861
580
424
425
424
424
424
425
424
424
424
455
580
424
425
424
424
424
425
424
424
446
580
424
425
424
424
437
580
445
581
463
580
424
425
424
424
424
424
425
424
424
424
425
424
424
425
424
424
424
425
445
628
737
424
424
424
425
436
580
425
424
437
580
424
424
425
424
424
425
424
424
446
580
424
425
424
454
581
424
424
437
580
424
425
445
629
736
424
424
425
424
424
424
425
424
424
446
580
424
424
425
424
9644
424
424
425
424
437
580
1339
2041
736
424
425
424
454
593
736
424
425
424
424
424
425
424
455
580
793
425
424
424
424
425
424
425
436
580
424
425
424
463
581
424
424
424
1075
736
424
424
425
424
454
581
424
424
424
425
424
424
425
424
424
424
425
424
424
424
425
463
580
424
455
580
424
454
581
424
437
580
424
424
425
424
424
424
425
445
610
736
425
463
580
425
424
424
425
424
424
424
425
424
445
581
424
424
424
425
424
424
424
425
424
424
424
425
472
580
425
424
424
455
580
424
425
454
580
1119
737
424
424
1441
424
425
597
581
424
424
463
580
425
424
424
424
425
424
424
424
425
424
424
464
580
424
424
455
580
446
592
736
455
592
737
424
437
580
437
580
446
592
776
1048
424
455
580
424
424
425
424
424
425
436
580
425
424
424
424
425
424
424
463
580
425
424
424
424
425
424
463
581
424
424
455
580
424
463
1898
1988
1048
929
580
571
580
424
424
425
424
424
8723
424
463
580
425
424
424
424
425
424
424
455
580
454
581
424
424
425
424
424
424
425
424
424
424
425
424
437
580
424
454
581
424
455
580
424
464
580
424
424
446
580
424
425
424
424
437
580
424
424
425
424
424
424
425
463
580
425
424
454
581
424
445
581
436
92457
580
437
580
424
425
424
454
581
454
580
425
454
580
425
424
424
424
425
424
424
445
581
424
424
424
425
848
424
455
580
454
581
424
436
581
424
424
454
580
425
424
424
424
425
424
424
425
424
424
424
437
580
424
463
580
424
425
436
580
425
424
424
463
580
425
445
580
455
580
446
580
424
424
425
424
453
581
463
580
425
424
445
709
737
445
580
425
424
424
424
425
424
424
424
425
424
424
425
424
463
580
425
424
463
580
424
425
445
580
424
425
424
424
424
425
424
424
424
425
424
424
425
424
424
424
425
424
424
424
424
425
424
424
1065
737
424
424
424
455
580
424
424
425
424
424
424
464
580
424
424
1492
580
424
1376
580
424
653
580
455
580
455
580
424
424
425
424
424
424
515
424
424
424
425
499
580
425
424
424
464
580
424
425
424
446
580
424
424
425
424
424
446
580
424
424
425
436
580
425
424
424
425
424
424
424
437
580
424
425
424
424
424
425
424
424
424
425
423
425
424
455
8905
602
736
424
424
425
424
424
463
580
424
424
425
463
580
424
425
424
424
424
446
637
736
424
464
580
424
424
455
580
424
425
424
424
424
425
424
424
424
425
424
424
424
424
425
462
581
424
454
581
424
464
580
424
424
425
424
424
424
425
424
446
580
424
424
425
454
580
424
425
424
424
424
437
580
424
425
424
424
424
424
425
436
580
425
424
424
464
580
424
425
436
580
455
602
736
424
455
580
455
601
748
1049
436
581
437
601
736
424
446
580
424
425
424
424
454
580
425
424
424
424
425
424
1548
5318
736
1038
736
424
425
424
454
581
424
495
455
580
424
464
580
424
425
445
581
424
424
424
425
463
581
436
580
463
580
424
425
424
424
424
425
436
580
425
424
424
424
425
424
446
580
454
581
424
424
6802
736
425
424
445
628
736
425
424
424
424
424
425
424
424
425
463
580
424
425
445
581
424
424
424
9146
425
424
424
424
425
424
424
424
425
463
580
425
424
424
424
424
425
424
446
580
424
424
425
424
454
581
424
424
424
425
424
424
424
425
424
424
437
580
424
425
424
424
424
425
424
436
581
424
424
425
453
655
737
445
628
737
424
424
446
580
424
424
424
425
424
424
464
580
424
425
424
424
424
425
424
455
580
424
424
425
424
424
424
425
424
463
1582
5380
1048
425
424
424
425
424
424
424
425
436
581
454
580
425
424
424
424
425
424
424
424
425
496
424
425
424
424
424
424
425
424
424
425
424
424
424
425
424
436
581
424
424
425
424
424
464
628
736
425
445
581
424
424
424
425
424
424
437
580
424
887
581
424
424
424
425
424
424
425
424
424
424
464
580
424
455
580
424
425
424
424
424
455
580
424
446
580
437
580
424
464
580
424
464
580
464
580
454
581
424
424
455
580
437
637
736
437
601
736
424
425
424
424
437
580
424
424
425
424
424
425
424
436
581
424
424
518
580
424
425
424
463
580
8580
425
462
581
424
424
454
581
436
580
446
580
424
455
655
736
425
463
581
424
454
581
455
636
749
1048
424
446
580
454
580
424
425
424
464
580
424
424
425
463
580
424
455
580
424
424
425
424
424
931
2862
3164
1048
425
424
424
424
425
445
581
424
424
437
580
424
424
425
424
424
424
425
424
424
751
580
437
580
424
424
425
463
580
425
454
580
425
424
424
425
424
424
446
580
424
424
425
424
464
580
424
424
464
580
424
425
424
463
580
425
424
424
424
425
424
424
424
425
424
424
424
455
580
437
580
463
580
464
580
424
424
425
424
424
424
437
580
424
425
424
454
580
1047
736
424
425
424
424
424
425
424
424
425
424
424
424
425
424
445
637
736
425
424
424
424
425
424
424
424
424
425
463
580
425
436
602
736
424
424
425
424
445
581
424
424
446
580
424
437
580
424
424
437
580
425
424
424
425
424
463
581
463
580
425
424
424
437
580
424
424
425
424
424
424
463
580
425
424
454
580
455
580
424
464
580
424
6434
2226
490
581
424
446
580
424
455
645
737
424
424
464
1393
737
4832
580
446
580
463
580
455
580
424
424
455
580
424
424
425
424
424
424
425
424
424
470
424
424
424
424
425
424
424
425
462
581
424
424
455
580
424
437
580
424
425
436
581
424
424
424
463
580
424
425
424
424
425
424
464
580
424
424
425
424
424
424
425
424
446
580
424
424
425
436
580
425
424
454
580
424
455
580
463
581
424
424
424
464
580
424
425
436
655
736
425
424
446
646
736
424
425
424
463
580
425
424
463
581
424
424
424
455
1026
580
424
424
425
424
463
580
424
446
580
446
580
436
581
424
424
437
580
424
637
580
425
424
424
424
425
424
436
581
424
424
446
580
424
424
425
424
436
581
424
424
425
454
580
425
445
580
425
424
424
424
425
424
424
425
445
647
736
424
424
425
436
581
424
424
424
425
424
424
424
425
424
424
424
425
424
437
580
424
424
425
424
424
424
425
436
580
425
424
437
580
424
424
437
580
424
425
454
580
424
437
580
425
424
454
8448
581
424
424
425
424
424
424
454
580
425
424
424
424
424
532
424
425
424
424
446
592
737
424
424
424
446
580
424
425
424
424
425
424
424
424
425
454
580
425
424
424
424
425
424
424
425
424
424
424
424
425
424
424
463
581
424
424
463
581
424
424
446
580
446
580
424
424
425
454
580
425
445
581
424
424
424
425
424
424
424
425
424
463
580
424
464
580
424
425
424
424
424
425
424
436
581
424
424
424
464
580
424
425
424
455
580
436
581
424
424
446
580
424
424
424
425
463
580
425
424
424
437
580
424
464
580
424
425
424
446
580
424
424
424
425
535
580
424
424
425
424
424
425
454
580
455
580
425
424
424
424
425
424
424
1029
736
425
424
424
424
425
424
424
424
425
436
580
425
424
424
424
425
424
424
425
424
424
424
463
580
424
425
424
424
424
425
424
424
424
425
424
424
455
580
445
581
436
580
425
424
424
779
1190
2035
1049
424
424
1107
619
736
437
580
446
580
424
425
424
424
437
580
424
424
425
454
581
424
424
775
424
424
425
424
424
424
9532
454
646
737
424
424
424
425
424
424
424
425
424
424
424
425
424
424
425
424
424
455
580
424
455
580
424
424
425
424
424
425
445
602
736
424
424
425
424
454
580
436
580
425
424
424
463
581
424
424
425
424
424
424
425
424
424
424
425
454
581
424
436
581
424
424
424
425
424
424
425
436
580
425
424
424
425
424
424
424
425
424
424
424
425
463
580
425
424
455
580
424
445
580
424
424
425
462
581
424
424
463
581
424
424
455
580
424
463
581
424
463
580
425
424
424
463
580
425
424
463
580
425
424
445
581
424
437
580
424
424
424
425
424
446
592
736
425
424
424
464
580
424
424
437
580
425
424
424
1047
736
1021
1337
2024
1400
1980
425
424
424
424
425
424
424
425
436
580
425
424
437
655
736
446
580
464
580
446
602
766
1354
481
637
736
446
580
436
581
424
879
580
136
425
424
424
424
424
425
424
437
580
424
424
425
424
424
424
425
424
446
580
424
424
425
463
580
425
424
455
580
436
581
424
424
424
425
424
424
8826
424
425
424
424
424
424
425
424
463
581
424
445
581
454
580
424
425
424
424
424
425
436
580
425
424
424
424
425
454
580
424
425
472
580
509
968
736
424
424
425
424
424
424
425
424
424
425
424
445
581
424
424
424
425
445
581
424
424
424
455
580
424
425
424
424
424
446
580
455
580
424
424
464
580
425
424
424
424
425
424
424
424
425
424
424
455
580
424
455
580
424
437
580
424
425
445
581
424
424
424
425
424
424
424
425
424
424
454
581
453
580
446
580
425
424
424
455
580
424
424
425
424
424
425
424
424
455
580
424
424
425
454
31684
737
424
424
446
580
424
463
581
454
580
425
424
424
425
424
424
424
446
646
736
425
424
424
424
425
424
424
437
580
424
424
437
8542
580
424
424
425
445
580
425
424
424
424
425
424
424
424
425
445
619
736
425
424
424
424
425
424
424
454
580
424
425
424
424
424
464
580
424
425
424
424
424
425
424
446
580
424
424
446
580
424
425
424
424
424
425
454
581
424
436
581
424
424
424
425
424
424
425
424
424
424
425
424
454
6901
463
3724
736
1458
1006
736
424
424
425
454
580
425
454
580
425
445
581
454
620
736
748
424
425
445
580
425
424
424
424
446
580
446
580
424
425
424
463
580
424
425
424
424
424
425
424
455
580
424
424
425
424
424
424
446
580
425
424
424
424
425
424
424
424
425
424
424
425
424
424
424
425
424
424
731
580
463
580
425
424
424
424
425
424
424
446
580
424
424
425
424
424
424
425
424
445
581
463
581
424
424
455
580
424
455
580
424
424
425
424
436
581
424
424
424
445
581
424
424
424
425
454
580
446
580
463
580
425
445
581
424
424
425
436
580
424
425
424
424
424
425
424
424
424
437
1450
580
425
424
424
9440
424
425
424
424
425
424
424
424
424
425
445
581
424
463
581
424
424
424
455
580
446
580
424
425
424
424
424
425
424
424
1441
2546
424
437
580
424
424
425
436
581
424
424
424
425
424
424
424
454
581
454
580
425
462
580
2767
580
425
424
424
1789
580
424
425
91362
500
580
424
424
425
424
424
425
463
601
737
424
424
424
424
425
463
580
487
424
424
424
425
424
424
424
455
580
446
580
424
424
425
424
424
425
424
445
581
424
463
580
425
424
424
425
436
580
463
580
425
424
424
424
425
436
580
446
580
424
425
424
463
580
424
425
463
580
424
424
425
424
424
425
445
580
424
425
424
424
454
581
424
424
454
581
436
580
425
424
424
424
7606
580
425
424
424
424
425
424
424
425
424
424
424
425
424
424
437
580
424
424
425
463
580
424
424
1073
737
424
424
424
425
424
454
619
736
425
424
424
464
580
424
425
463
581
424
424
424
446
580
424
425
424
424
424
425
424
424
424
425
424
424
424
425
436
580
425
436
581
424
424
424
464
580
424
424
437
580
424
424
425
424
424
424
425
424
424
424
425
424
436
581
424
424
424
425
424
424
424
425
424
424
424
425
424
424
424
425
463
580
437
592
736
425
424
424
425
424
424
424
425
424
9071
425
424
424
437
580
424
425
454
580
425
424
424
463
580
424
425
424
424
424
437
580
424
464
580
424
425
463
580
424
424
464
580
424
425
424
424
424
425
424
463
581
424
424
424
437
580
425
424
454
581
424
424
424
425
424
424
424
425
424
424
424
425
424
424
424
424
425
424
424
424
425
424
424
424
463
580
463
580
424
425
424
424
455
580
445
581
424
424
425
424
424
424
425
424
424
437
580
424
424
425
424
424
425
424
445
700
736
425
463
581
424
424
424
425
463
580
425
424
424
424
425
424
424
464
580
424
425
424
424
424
425
424
424
425
424
424
424
425
424
424
424
425
424
424
425
424
424
424
425
424
424
424
437
580
425
878
580
425
424
424
425
424
463
580
425
424
463
580
425
424
424
464
580
424
425
454
580
425
424
424
424
425
424
424
424
425
424
463
581
424
424
425
445
580
425
436
580
437
580
425
462
2050
4887
1066
1048
425
424
424
424
425
424
463
580
424
425
424
424
424
424
425
424
424
424
425
424
9505
581
462
580
455
580
463
581
445
581
436
628
736
455
611
736
446
580
437
619
736
437
637
736
424
424
424
425
424
424
424
437
580
424
425
424
424
424
425
424
445
581
436
580
424
425
424
437
580
472
593
736
424
425
424
463
581
424
424
455
580
424
454
580
518
580
424
425
424
436
581
424
424
446
580
424
424
425
463
674
736
424
424
425
424
454
580
424
424
425
445
580
425
424
424
424
455
700
736
455
580
463
580
425
424
424
425
424
424
424
425
424
424
446
580
436
581
424
424
425
436
580
424
425
424
424
425
424
424
437
580
424
424
425
424
424
425
424
445
581
424
424
424
425
1047
736
424
463
1015
1698
2158
2163
2002
2367
424
424
425
424
436
581
424
424
424
455
580
455
580
424
464
580
424
424
437
580
454
581
424
424
424
445
581
424
424
424
425
424
424
424
425
445
581
424
424
424
425
463
581
424
424
424
425
424
424
424
464
637
736
424
425
424
424
424
464
580
425
424
424
424
425
9389
472
580
425
424
424
425
424
424
424
425
424
463
580
424
437
580
424
425
424
424
424
425
424
436
581
424
424
424
425
424
446
580
424
424
425
424
569
580
424
424
828
581
424
424
424
425
424
424
425
424
424
436
581
424
437
580
424
424
455
580
1893
424
424
463
580
424
425
424
424
424
425
436
580
425
424
424
437
580
424
437
580
424
424
425
424
424
424
425
424
424
424
425
424
424
463
581
424
463
1900
1824
1571
2055
2010
2047
1980
424
424
425
424
455
580
631
424
424
437
580
424
425
424
1092
736
464
654
737
462
581
436
655
736
425
424
424
424
425
424
424
424
425
424
424
425
424
424
424
425
424
424
437
580
424
424
425
454
629
736
437
580
446
580
446
580
424
424
446
580
424
425
424
424
463
581
424
1273
463
580
454
581
424
424
424
425
424
454
581
424
454
581
424
454
580
464
580
424
424
425
424
424
424
425
445
580
464
6848
2251
581
462
580
425
424
437
580
424
424
3351
454
580
425
424
424
424
425
445
580
425
445
581
424
424
437
580
445
580
463
580
424
424
437
580
424
425
424
424
425
463
580
446
580
424
425
424
424
454
580
425
424
424
424
425
463
580
425
424
424
463
580
425
454
853
1612
4488
1980
455
580
424
424
425
445
580
425
424
424
425
424
424
424
425
767
489
581
445
593
736
424
425
424
463
581
424
424
455
580
424
463
580
425
424
445
581
463
580
424
424
425
424
424
464
580
424
424
425
463
581
424
424
455
580
424
424
425
424
424
437
580
870
580
424
446
592
737
424
424
424
446
580
424
425
424
424
455
580
424
2476
425
424
424
463
580
509
580
464
637
736
437
628
736
446
580
446
580
437
636
737
424
424
424
425
424
424
425
454
580
446
580
424
424
425
424
424
424
500
580
424
455
580
424
425
436
581
2545
445
581
424
424
424
861
580
425
424
464
1016
581
424
424
424
425
8521
425
445
580
424
425
436
580
425
424
424
424
425
436
580
425
424
424
424
425
424
424
424
437
580
424
446
580
424
425
454
580
424
424
425
462
581
424
446
7563
736
425
478
446
580
424
424
425
424
424
424
425
424
424
425
424
424
424
464
580
424
870
580
455
580
424
424
425
454
580
424
424
425
436
580
425
424
437
580
424
424
437
580
425
424
424
424
425
424
424
455
580
424
424
464
580
425
424
424
446
580
424
424
464
580
425
436
580
425
436
580
425
424
424
425
424
424
424
425
424
424
455
580
424
758
581
445
581
436
580
425
424
424
424
446
580
425
453
580
425
424
424
425
424
424
463
580
424
425
424
424
425
551
580
424
425
424
424
424
425
424
454
580
424
424
425
424
424
424
425
424
424
424
425
4555
425
424
424
424
425
424
424
464
580
424
446
580
446
580
424
424
425
424
424
424
425
424
424
424
424
425
424
424
424
425
424
424
454
637
736
424
446
580
424
425
8770
424
425
424
424
425
463
646
737
454
628
793
1049
454
580
424
425
454
580
455
580
605
445
581
424
424
424
425
424
424
464
580
446
580
424
424
424
425
454
581
424
424
424
425
424
424
424
425
424
454
580
425
424
424
424
425
424
424
424
425
424
424
446
580
424
425
424
424
424
425
436
580
425
445
581
424
424
424
425
424
424
424
425
424
424
424
425
424
424
425
424
424
424
425
462
581
463
580
425
424
424
437
580
424
424
5761
424
425
424
454
580
425
463
580
425
424
424
446
580
424
425
424
454
581
424
424
424
425
424
424
424
425
424
424
437
580
424
888
580
424
425
424
424
424
425
424
424
424
425
424
424
446
1377
1048
437
580
424
425
463
580
425
424
436
581
424
424
424
870
580
425
424
424
424
425
424
424
446
580
424
424
425
424
463
580
425
424
424
424
425
424
424
446
580
424
424
425
424
424
424
425
424
424
455
580
424
424
425
424
424
446
580
445
581
1314
1825
736
424
446
6604
2236
580
425
463
580
425
463
601
736
425
424
454
581
424
424
446
592
737
424
424
424
464
580
424
424
437
580
424
424
425
424
424
437
580
424
424
425
424
424
424
425
424
424
463
581
424
424
437
580
424
424
425
424
424
424
425
424
424
424
425
424
424
464
580
424
454
580
424
425
424
424
424
437
580
424
425
424
424
424
425
424
424
464
580
424
424
424
425
424
424
455
580
425
535
581
445
611
736
463
646
737
436
581
436
581
424
463
580
424
425
424
437
580
424
437
580
436
581
424
424
424
437
580
437
601
736
425
424
424
424
500
646
736
424
424
425
424
424
425
424
722
581
424
424
425
424
436
581
424
424
424
463
581
424
424
424
424
425
424
445
581
424
424
424
425
463
580
425
424
424
424
424
425
424
463
581
424
424
3683
1807
736
424
424
446
580
424
425
424
424
446
580
446
580
424
424
721
490
580
425
424
424
424
425
424
424
425
424
424
424
437
580
425
424
424
424
424
425
424
455
580
8532
425
424
424
425
424
454
580
425
424
424
424
425
445
581
424
424
424
425
424
424
424
424
425
424
424
424
425
424
436
581
424
424
446
580
424
424
425
424
424
424
425
424
1467
424
464
580
424
424
424
445
581
424
424
425
424
424
437
580
424
446
580
424
424
425
454
581
424
607
581
424
424
463
580
424
879
581
454
580
424
424
425
424
424
424
425
424
424
424
425
424
463
581
436
580
464
580
424
424
425
436
580
463
1429
424
446
580
424
425
424
424
446
580
424
424
425
424
424
424
424
425
436
580
425
424
424
437
580
424
424
464
580
424
425
445
620
736
424
424
425
424
463
580
424
424
425
424
424
425
33618
736
424
425
424
454
581
424
424
425
424
424
424
425
424
424
424
425
424
424
424
464
580
424
425
424
445
581
424
8472
424
437
580
424
425
424
437
580
424
424
425
463
580
425
424
587
580
424
425
424
424
424
425
424
424
507
610
736
425
424
424
425
424
424
424
425
424
424
424
424
463
581
436
580
425
424
424
424
425
424
424
437
580
424
424
425
445
580
425
424
424
424
463
580
425
424
445
620
736
424
425
424
57397
34790
481
646
736
454
581
463
580
437
580
424
425
424
424
424
425
424
463
580
424
424
425
424
424
425
462
581
424
424
425
445
580
425
424
424
424
446
637
736
425
424
424
424
425
424
424
424
425
1039
1042
1297
2098
1980
455
580
424
424
425
424
436
581
424
424
425
436
580
425
621
425
424
424
424
425
424
424
425
424
424
455
580
424
463
580
425
445
581
424
445
581
424
424
424
425
463
580
425
424
455
580
424
446
580
437
580
424
424
424
425
424
424
424
437
580
425
454
580
425
445
581
424
941
581
424
424
424
425
424
424
424
425
424
436
581
424
424
424
454
602
736
454
581
424
454
581
463
580
424
425
463
580
424
425
424
424
424
425
424
445
581
424
424
424
425
454
580
425
436
581
454
580
425
424
424
424
425
424
424
425
436
580
425
424
424
454
580
425
424
424
424
598
580
425
424
445
581
424
424
425
445
8879
580
424
424
425
462
581
436
580
425
424
424
424
425
424
446
580
445
581
424
424
425
454
580
425
424
424
424
424
425
463
580
425
424
455
580
424
424
425
424
424
437
580
424
424
425
424
424
424
425
463
580
1565
1600
3191
1049
424
949
580
425
424
455
580
424
446
580
424
424
425
445
580
425
424
424
446
580
424
425
424
424
424
425
463
580
464
580
445
593
736
424
425
424
424
454
581
424
424
424
425
424
424
425
424
424
455
1004
424
425
424
424
455
580
424
425
424
454
581
424
424
425
463
580
424
425
424
454
580
455
580
424
437
580
424
424
446
580
437
580
424
446
610
736
424
1056
736
424
463
581
424
424
437
580
424
424
425
424
424
424
425
424
424
424
424
425
1468
424
424
437
580
424
424
425
424
424
425
424
424
424
425
424
454
581
424
437
580
424
424
425
424
424
424
424
454
709
737
445
580
425
424
424
424
425
424
424
425
424
445
581
463
580
425
424
445
581
424
424
424
446
580
424
425
424
424
9036
424
463
1726
1500
1049
424
463
580
425
424
446
580
424
424
424
425
445
580
425
424
424
424
425
424
640
424
424
425
424
424
425
424
424
424
425
424
424
424
425
424
424
425
424
424
424
424
446
580
425
424
424
424
425
424
424
424
445
581
454
580
425
424
424
425
424
463
580
137
424
424
424
425
424
424
425
436
580
425
424
424
425
424
424
424
425
424
849
436
580
425
445
580
425
424
445
581
424
424
424
425
453
581
424
424
425
424
424
464
580
424
424
437
580
425
424
424
424
425
424
424
425
436
580
425
424
455
580
424
455
580
424
424
425
424
544
580
424
425
424
454
581
424
446
3974
723
580
437
580
425
424
445
593
736
424
425
424
446
580
463
581
424
424
446
580
463
580
425
463
580
424
425
424
424
424
437
610
736
455
580
437
610
736
425
455
580
463
655
736
446
580
424
437
580
424
425
424
424
463
1634
737
1344
581
424
424
425
424
424
424
455
580
463
1997
1261
1048
437
580
424
425
424
424
7014
2226
425
454
580
425
454
581
463
580
424
425
424
463
580
425
424
463
580
424
425
424
424
424
425
424
424
425
424
424
424
424
425
424
424
446
580
445
647
736
424
424
424
455
580
437
580
424
425
454
580
425
424
424
424
425
424
424
424
425
424
500
580
424
424
425
424
424
437
580
424
425
436
580
425
463
580
424
425
424
436
581
424
424
424
425
424
424
424
425
424
424
424
425
424
424
424
425
571
580
425
424
424
424
425
424
424
5880
3905
424
1043
424
425
424
424
424
425
445
580
455
580
455
580
424
424
425
424
424
424
446
580
425
424
424
446
580
888
580
424
425
454
580
437
580
425
424
445
581
424
424
424
425
463
1281
2026
1048
424
2196
580
424
425
454
580
425
424
436
581
424
870
580
455
580
436
581
424
424
532
425
424
424
424
425
424
424
424
425
436
581
424
424
424
463
580
425
424
424
424
424
425
424
424
437
9485
580
424
424
424
425
436
581
424
436
581
424
424
424
425
424
424
424
425
424
446
580
454
581
445
580
425
424
424
424
437
580
424
425
436
593
736
437
580
464
580
437
580
424
424
425
424
463
580
424
437
580
424
424
437
580
425
424
424
518
580
424
425
424
424
424
425
424
445
581
424
424
425
436
637
736
437
580
425
463
602
748
1114
1980
424
424
425
436
580
861
581
424
455
655
736
424
454
581
454
581
463
580
446
619
736
437
580
425
436
646
736
437
620
736
454
581
445
581
436
602
736
424
424
425
424
424
424
425
424
437
580
424
446
580
424
425
424
424
424
424
425
424
463
580
2874
581
424
1834
580
425
424
424
424
464
580
425
694
424
425
424
424
455
580
424
424
464
580
425
436
580
424
425
424
463
580
424
424
455
580
424
464
580
424
424
446
580
424
424
425
424
454
581
424
437
580
424
424
463
581
424
424
424
425
424
424
424
424
425
424
424
425
424
463
580
424
455
593
9722
736
424
424
425
424
526
581
445
581
424
424
464
580
424
424
4689
580
424
424
425
424
446
580
424
424
425
424
445
647
736
425
424
424
455
580
425
436
580
425
424
446
580
424
424
424
425
463
580
425
424
424
424
424
425
424
446
580
424
425
424
424
463
580
425
424
463
580
425
454
580
424
425
436
580
425
424
424
7191
611
736
3676
1602
1049
445
611
736
436
581
424
424
463
580
425
463
580
425
424
424
424
425
424
424
550
424
424
425
454
580
446
580
424
424
425
445
581
436
580
424
425
424
424
424
425
436
581
424
424
861
580
424
425
424
445
581
445
580
425
424
424
424
425
424
424
424
463
580
425
424
424
424
424
425
424
446
580
424
424
425
463
580
425
424
424
425
424
424
424
424
425
424
424
454
581
424
424
437
580
424
455
580
425
463
580
425
424
424
424
425
424
424
424
454
581
436
580
424
425
424
424
424
425
424
424
424
424
425
424
424
424
446
8643
580
424
424
425
424
424
424
425
445
581
424
436
581
463
580
425
424
437
580
424
424
425
424
424
424
425
424
424
424
425
424
446
580
436
581
424
424
437
580
424
425
424
424
424
425
424
424
424
425
424
424
454
581
424
424
424
425
424
446
592
736
424
425
424
424
445
6096
424
424
425
424
424
424
425
424
424
424
425
1217
580
424
425
3940
580
445
638
736
425
424
454
581
424
424
425
424
424
424
455
580
437
580
455
580
424
424
425
424
424
424
425
424
454
580
424
455
580
446
655
736
424
424
425
424
464
580
424
424
425
463
580
424
425
436
580
424
425
424
1118
737
424
454
581
424
424
424
425
424
424
446
580
424
425
424
424
424
425
424
424
424
425
424
424
424
455
580
424
446
580
424
424
425
424
424
424
425
424
424
424
425
424
424
463
581
424
424
424
437
580
424
425
462
581
424
463
581
463
580
425
424
424
425
424
424
424
425
424
424
424
849
424
425
424
424
424
425
445
637
736
6547
2173
454
581
424
424
424
425
445
580
425
424
424
425
424
424
424
425
424
424
425
424
424
424
2909
592
737
424
424
424
425
424
445
620
1682
1591
2027
2046
2820
1980
425
424
424
425
424
424
424
425
424
424
424
425
424
424
424
425
436
580
425
424
455
580
424
463
580
424
424
437
580
425
424
424
424
424
425
424
436
581
424
424
463
581
463
581
445
580
425
424
424
424
463
580
425
424
424
424
425
424
437
580
424
424
437
580
424
425
424
436
581
424
424
424
437
580
464
580
424
424
425
424
454
580
464
580
424
424
446
580
424
425
424
424
424
446
580
425
664
580
425
424
424
424
446
580
424
425
424
424
455
580
424
425
424
424
424
832
772
736
424
518
580
424
425
463
580
424
425
436
580
425
424
424
425
424
424
424
425
462
581
424
445
581
424
424
424
425
424
424
424
425
424
446
609
736
425
424
424
424
425
424
424
425
424
424
454
580
425
463
581
463
580
424
9332
425
424
424
425
424
455
637
736
454
637
758
1105
1981
454
611
736
455
646
736
454
581
625
620
736
437
628
736
446
580
424
424
425
424
436
580
425
424
424
437
580
424
424
464
580
424
425
454
581
424
445
581
444
581
424
424
437
580
424
424
425
424
424
425
424
424
424
425
424
424
463
580
424
425
463
580
424
425
424
463
580
424
446
580
454
580
445
581
424
424
424
425
424
424
424
425
454
580
446
580
454
581
436
580
425
424
445
620
736
424
425
424
454
581
424
424
425
424
424
424
425
424
424
424
464
580
424
425
424
424
425
424
424
424
425
424
424
424
425
436
581
424
424
424
425
424
424
424
425
424
424
424
1074
736
437
580
10068
424
424
446
580
424
425
424
424
446
655
736
424
424
464
580
424
424
424
425
445
581
454
580
437
580
425
424
437
580
424
424
425
463
1618
2526
35491
1048
424
424
424
425
424
424
424
425
436
581
424
424
424
425
424
424
424
425
424
424
463
619
736
425
424
454
580
425
424
424
424
425
424
424
424
92565
424
425
424
424
424
455
580
424
464
580
481
1026
580
424
424
425
424
424
424
464
580
424
425
424
424
424
425
424
526
581
463
581
424
454
581
424
424
425
424
424
424
455
580
425
454
580
425
424
424
424
425
887
580
424
425
454
580
424
425
424
424
424
464
580
424
424
425
424
424
425
424
463
580
424
424
424
425
424
424
463
581
424
424
437
580
424
425
463
580
425
424
437
580
424
424
425
424
424
425
424
424
424
425
424
424
425
424
463
580
424
437
580
424
424
425
424
424
424
424
455
580
424
425
424
424
424
455
580
6364
646
736
425
424
424
446
580
424
424
425
424
424
424
424
425
870
580
455
655
767
1494
580
436
581
445
620
736
455
580
446
645
737
424
424
424
425
424
424
455
580
424
454
581
424
424
424
425
424
445
593
736
424
8641
424
455
580
424
425
424
424
424
437
580
424
425
454
580
425
436
580
425
424
424
424
425
424
424
463
581
424
424
424
425
424
424
424
598
580
425
424
454
581
424
424
424
425
424
424
424
425
424
424
424
446
580
425
424
424
424
425
424
424
446
580
424
446
580
424
454
581
424
436
581
424
424
424
424
425
424
424
424
425
424
424
424
437
580
424
425
3766
424
425
424
454
581
424
445
581
424
424
424
425
454
580
436
581
424
424
446
580
437
580
424
424
437
580
424
425
424
424
425
424
424
463
1105
1952
1048
859
2023
736
676
424
425
424
436
581
424
424
424
425
424
424
424
464
580
424
425
436
580
425
424
424
424
425
424
424
424
425
424
424
425
445
580
870
580
425
424
424
463
580
425
424
446
580
424
424
424
425
424
424
424
425
454
580
425
424
424
424
424
425
436
581
424
463
581
424
424
424
425
424
424
424
425
454
580
463
581
424
424
455
580
424
425
463
580
425
463
581
424
424
424
464
580
424
425
424
424
424
425
445
580
437
580
424
425
445
611
736
8646
424
424
424
463
581
424
437
580
424
424
425
424
463
581
424
424
424
425
424
424
424
463
580
425
424
424
424
425
424
424
437
580
424
425
436
580
425
424
424
424
425
424
424
425
424
424
424
425
454
580
425
454
580
425
424
424
425
424
424
424
425
424
424
424
425
424
424
424
446
620
736
424
424
425
463
580
958
580
425
1084
1105
2222
1048
446
580
424
418
830
581
424
454
581
454
580
424
424
425
424
424
463
581
424
424
424
463
581
424
445
581
424
424
425
424
436
581
424
437
580
424
424
425
424
445
581
424
424
425
424
445
581
424
424
424
425
445
580
464
580
425
463
580
424
424
425
424
424
424
425
436
580
870
580
425
424
424
424
425
424
424
424
425
424
454
581
136
424
424
424
425
424
424
464
580
424
424
464
580
424
425
424
463
610
737
424
424
424
464
580
424
425
424
455
580
424
446
580
424
424
425
424
437
580
424
424
437
580
425
424
5087
581
424
424
424
425
424
424
425
424
9255
424
424
424
425
424
424
424
425
424
463
581
424
424
424
446
580
424
425
424
424
454
1193
2114
2104
2010
2019
2010
1980
424
425
424
454
581
424
424
437
580
424
541
425
454
581
424
424
424
425
424
424
455
580
424
424
425
445
581
424
424
506
580
425
424
424
454
580
425
424
424
424
425
454
580
437
580
425
436
580
437
580
425
424
424
424
425
424
446
580
464
580
436
581
454
581
445
581
445
620
736
455
619
737
424
424
424
463
580
425
424
424
424
425
424
424
424
424
425
424
424
455
628
736
437
580
424
424
425
424
424
424
425
424
424
424
425
463
580
424
424
425
445
581
655
628
737
424
454
581
424
424
424
454
580
3923
424
424
425
424
463
580
424
455
580
424
425
424
424
424
437
580
424
424
425
424
424
424
425
424
436
581
424
424
437
580
424
424
437
580
437
580
455
580
424
463
581
424
508
581
424
424
424
425
2744
4142
424
425
424
9272
425
445
580
437
580
455
580
424
424
464
580
424
424
784
425
463
580
424
425
424
424
463
628
736
446
580
424
425
424
424
446
580
424
424
425
424
437
580
424
424
446
628
736
424
424
424
425
436
580
425
424
454
581
424
463
580
425
424
436
581
424
424
424
425
424
424
425
454
580
446
580
463
580
424
425
424
424
437
580
446
580
424
424
425
424
455
580
424
446
580
424
424
425
424
424
424
424
425
436
580
425
424
424
424
425
436
580
471
580
425
424
424
517
581
424
424
424
425
424
424
455
580
424
446
580
454
581
424
424
424
425
436
580
425
424
436
581
424
424
424
455
580
425
424
424
424
425
424
424
424
424
425
1091
737
424
424
424
437
580
424
424
425
424
424
424
425
424
424
424
424
446
580
425
424
424
424
425
436
580
425
424
424
424
425
424
436
581
424
424
424
424
425
424
424
437
580
424
993
2791
1437
1816
1993
1980
424
424
425
445
655
736
424
425
424
424
425
445
592
580
464
580
446
580
424
455
580
464
580
7159
2023
499
646
737
436
581
436
580
446
580
424
425
436
581
454
619
736
424
446
580
446
580
424
424
425
424
424
424
425
424
436
581
424
424
464
580
424
425
424
424
424
424
425
436
581
424
424
424
437
580
424
425
454
580
425
424
424
424
425
424
454
581
463
580
425
424
424
424
424
425
424
500
580
424
634
580
424
446
580
424
424
425
508
581
424
424
424
425
424
424
424
425
424
424
424
437
580
425
424
463
581
424
424
424
463
580
425
424
424
424
446
580
424
425
445
581
424
424
424
455
580
424
455
580
445
581
445
620
736
424
425
445
580
455
580
424
849
424
424
722
581
424
437
580
424
446
580
424
455
580
424
425
424
454
581
424
445
581
424
424
424
425
436
580
425
424
437
580
445
581
424
424
455
580
464
2057
4609
1049
424
424
425
424
424
424
425
424
463
581
424
424
424
424
446
580
424
463
580
425
424
424
425
424
424
424
455
580
446
592
736
425
424
424
455
580
424
424
425
424
424
424
455
580
424
424
425
424
424
424
8794
424
425
463
581
445
581
445
580
437
581
454
602
748
1048
424
425
424
464
580
424
424
424
527
580
424
424
425
424
424
425
424
463
581
424
424
424
425
462
581
424
436
581
424
424
425
463
580
424
425
463
581
424
424
424
425
424
424
455
580
424
424
455
580
424
464
580
424
425
463
580
425
424
436
581
424
424
455
580
424
425
424
424
424
425
424
424
425
424
424
424
437
580
424
437
580
425
424
446
580
436
581
424
424
437
580
424
425
424
464
1375
2175
2149
1980
463
580
424
424
446
580
732
581
453
581
424
805
581
445
580
425
424
424
424
463
581
454
580
425
436
580
425
424
424
425
462
580
425
424
424
424
425
424
424
455
580
436
581
424
424
424
425
424
424
424
437
580
425
454
580
425
424
424
424
425
462
581
454
611
736
424
425
463
581
445
580
425
424
424
424
425
424
424
424
425
424
424
446
637
736
424
446
602
736
463
580
424
425
445
580
425
424
446
580
879
9530
580
425
445
580
425
424
424
424
425
424
424
437
580
424
424
425
424
424
424
464
580
424
425
445
581
436
580
424
425
424
1272
464
580
424
424
425
454
580
425
424
424
424
425
436
580
425
424
455
580
424
424
425
424
446
580
424
463
580
425
424
436
581
424
424
446
580
424
424
425
454
581
424
424
437
580
424
424
437
580
424
425
424
424
870
580
424
464
2397
811
3156
736
463
637
970
424
425
424
424
455
580
424
464
580
424
425
463
580
424
425
445
611
736
424
424
425
424
424
425
463
580
425
424
424
861
580
425
424
436
581
870
580
436
581
424
424
424
454
580
425
424
455
580
424
424
425
424
424
424
425
454
580
424
464
580
424
425
445
629
736
424
425
424
424
424
464
580
424
425
463
580
424
424
464
580
424
424
446
580
437
580
424
437
580
424
424
425
454
580
425
424
424
424
425
1521
197
581
424
539
348
580
424
657
580
424
437
580
424
425
445
580
425
424
424
424
455
637
736
424
424
425
424
424
424
446
8806
580
445
581
424
424
425
424
424
463
580
425
445
646
736
424
425
424
424
424
425
424
454
581
424
454
581
424
445
581
424
424
424
425
453
1553
5715
1048
425
424
424
424
437
580
425
424
508
581
424
436
1098
581
445
580
425
424
424
424
437
580
425
424
424
424
424
455
580
424
424
424
425
424
424
424
454
581
424
424
424
425
424
454
580
454
580
425
423
642
736
424
424
425
517
581
424
424
870
1026
580
424
424
437
580
425
424
424
424
861
580
464
580
424
424
464
580
424
425
722
581
424
424
424
425
424
424
424
425
424
437
580
424
424
446
619
736
870
580
425
424
424
424
425
424
508
581
424
454
619
737
580
580
424
425
445
581
463
628
736
455
718
784
1060
2002
1980
424
424
425
424
424
424
454
580
437
580
424
424
464
580
424
425
463
580
424
425
424
424
424
425
424
424
1056
736
424
446
580
424
424
425
454
580
437
580
425
8634
424
425
424
424
424
424
425
424
887
580
796
1618
736
454
580
424
424
425
517
580
500
580
424
424
425
424
424
424
596
7584
425
454
1457
1048
454
665
736
424
455
580
424
424
425
423
425
7719
1038
999
9855
6122
7050
7960
25987
14057
11519
424
424
31041
424
424
424
425
424
424
424
425
424
424
424
425
424
424
424
424
425
424
424
437
580
424
424
425
424
424
424
425
463
580
425
424
424
425
424
424
623
580
425
436
580
425
424
463
580
424
425
436
580
425
424
424
424
437
580
425
424
436
581
424
424
424
424
425
424
424
731
646
737
424
424
424
425
436
580
425
424
463
580
425
424
424
424
425
424
463
581
424
424
425
424
424
424
425
424
424
425
424
424
446
580
445
581
424
424
424
437
2615
736
3747
580
424
425
424
424
424
455
580
445
580
425
424
424
424
464
580
425
424
424
676
424
424
425
445
580
425
424
424
424
425
424
424
425
424
424
446
580
424
425
8765
424
425
424
424
424
425
424
424
455
580
424
425
424
424
424
425
445
581
424
424
424
425
424
424
425
424
424
424
425
424
424
424
455
580
425
454
580
425
424
424
424
425
445
581
424
424
424
425
445
580
425
424
424
424
425
424
424
424
425
463
580
424
425
424
424
424
425
424
445
581
424
424
424
437
580
424
425
424
445
581
517
580
424
455
580
424
518
580
607
580
679
652
1307
581
445
581
424
481
581
424
437
580
424
424
437
580
424
424
455
580
424
437
580
424
424
425
878
1026
580
424
424
425
424
424
425
878
1016
581
424
424
424
424
1048
1041
1009
1049
705
1060
2293
190
2055
1980
425
424
454
718
736
424
425
3073
424
424
425
424
888
580
424
446
619
736
425
424
424
424
446
1035
580
424
425
424
453
581
436
580
425
424
424
424
425
424
424
463
580
425
424
445
581
424
424
424
424
482
1026
580
437
1025
581
424
424
445
581
8507
446
593
736
424
517
581
424
424
879
580
424
424
425
424
424
424
1065
736
424
424
425
424
424
424
437
580
424
424
464
580
424
425
463
580
425
424
397
491
580
424
424
454
581
424
424
424
425
424
424
424
424
425
424
436
581
424
887
580
425
424
424
437
580
424
463
580
424
425
424
424
424
425
424
454
580
424
425
424
424
870
1044
1043
581
424
424
424
424
425
424
424
424
437
580
424
425
424
424
424
424
425
1249
580
1557
580
425
424
424
424
425
1271
736
1229
1056
736
888
1035
580
424
424
425
424
424
424
424
425
424
981
424
424
424
425
887
581
424
424
424
425
424
424
446
580
500
580
424
424
879
580
425
424
424
424
425
424
1065
736
425
424
436
581
424
887
580
424
861
580
425
424
424
455
580
424
425
424
424
424
425
445
581
424
424
424
424
446
580
424
425
424
454
581
424
424
425
424
424
424
425
424
424
424
425
424
424
437
580
424
455
580
446
9368
580
424
455
580
424
446
580
436
581
424
463
581
436
581
453
580
425
454
725
736
425
424
424
424
425
424
424
454
580
424
425
424
424
437
580
424
424
425
424
424
424
424
425
424
879
580
424
424
425
454
580
424
424
425
424
424
424
425
424
424
446
580
424
2546
424
424
446
580
424
425
424
424
463
580
424
424
446
580
424
424
425
424
455
1650
736
424
921
580
2678
580
424
424
437
580
424
425
424
424
424
748
425
424
424
424
517
619
736
425
424
437
580
424
424
455
580
424
425
424
424
424
464
580
424
425
424
424
424
425
424
424
424
425
424
424
455
580
424
1092
1172
581
444
581
424
424
424
446
580
425
424
424
878
580
464
580
424
425
454
1035
1017
580
436
581
424
424
464
580
424
424
446
580
424
424
424
425
454
580
1065
736
424
424
425
424
424
424
424
463
581
424
446
579
463
581
424
424
424
425
860
1170
1015
736
425
424
8494
544
580
424
425
424
424
424
425
445
611
736
424
879
717
737
424
424
446
580
424
424
424
463
656
736
463
700
736
425
454
581
424
424
424
1038
737
436
581
454
580
425
454
580
424
425
424
1445
580
424
1299
1134
1294
1981
424
424
424
425
424
424
424
425
454
1005
445
581
424
424
424
424
689
580
424
425
424
437
580
424
424
425
454
580
455
580
424
463
580
424
527
580
454
581
424
436
581
424
424
437
580
424
424
455
580
424
425
424
424
424
454
581
424
424
424
425
424
454
581
424
436
581
424
424
437
580
424
425
424
463
581
424
424
464
580
424
425
436
580
425
424
424
437
580
424
425
424
732
580
463
580
861
618
737
424
445
581
454
580
425
424
424
424
425
454
580
425
424
424
424
425
424
424
424
425
424
535
581
424
918
763
736
424
424
425
607
580
424
424
425
424
424
425
424
424
424
437
580
849
436
581
424
424
455
580
454
581
424
424
424
425
424
424
425
424
424
424
8509
425
424
424
424
425
424
424
425
436
580
424
425
463
580
425
424
446
580
424
424
425
424
436
581
424
424
424
446
580
425
463
580
1269
580
1280
934
1687
1048
424
464
580
424
425
796
580
424
425
424
454
581
424
454
581
424
463
580
424
455
580
424
455
580
424
425
424
424
424
454
580
425
424
424
425
424
424
424
425
424
424
436
581
424
424
425
454
580
455
580
424
424
464
580
424
446
580
424
425
424
424
455
580
424
455
580
463
581
424
424
424
425
424
424
424
425
453
620
736
424
425
424
1038
736
425
424
455
636
767
1048
454
581
454
646
736
424
425
424
424
425
424
454
581
424
445
580
424
424
425
832
580
562
896
736
424
437
580
462
581
445
581
445
581
436
581
463
580
463
581
424
424
445
646
736
424
861
580
425
424
445
581
445
580
425
2825
580
455
619
737
869
580
425
463
580
424
446
580
445
1035
1034
656
736
424
424
425
424
437
580
870
1016
580
425
424
424
446
601
737
1925
5940
1497
463
628
1089
424
436
581
424
424
424
425
424
424
424
463
580
424
425
424
424
424
425
526
580
425
424
424
446
580
455
580
424
454
580
1047
736
455
580
424
446
580
424
425
424
454
581
424
436
581
1118
736
424
424
424
425
462
581
424
424
446
646
737
424
424
424
425
424
424
424
425
454
580
455
580
424
446
580
424
425
517
637
736
424
446
580
454
610
736
424
455
580
446
580
424
424
425
424
463
580
424
424
500
580
424
425
424
424
455
580
879
580
424
424
425
424
424
437
580
424
425
424
424
424
425
424
445
581
424
869
580
424
425
424
424
424
425
424
424
425
424
436
581
424
424
424
446
580
425
424
424
1065
736
425
424
424
424
425
424
3987
424
424
424
437
580
425
424
463
580
424
425
436
602
736
4127
1778
736
424
425
436
580
425
424
424
424
425
424
424
463
581
424
424
437
580
424
425
739
425
424
424
437
8706
580
446
628
736
424
425
424
424
424
455
580
445
581
463
580
425
424
436
581
424
424
424
425
454
581
424
424
424
446
580
424
425
424
424
437
580
424
424
425
424
424
425
424
463
580
424
425
445
592
737
424
424
424
437
580
425
424
424
424
425
424
424
424
425
424
424
425
454
580
425
424
424
424
425
463
581
424
424
424
455
580
446
580
424
424
500
580
425
463
580
425
424
424
509
580
424
425
424
424
424
425
424
424
424
425
454
580
425
463
580
424
424
464
580
424
424
425
424
424
424
425
424
424
425
424
424
424
424
425
424
5532
424
424
425
424
446
580
424
424
425
424
455
580
424
424
425
463
580
424
425
424
424
424
464
580
1532
3097
737
424
424
464
580
424
424
424
463
581
424
463
580
425
424
472
580
425
424
424
424
631
424
463
580
424
425
454
580
424
425
424
424
424
464
580
424
425
445
629
736
454
580
425
436
580
425
424
463
581
424
424
464
580
424
425
424
445
581
424
424
424
464
580
425
424
424
9475
424
464
1034
580
424
424
464
580
424
424
424
425
424
424
424
425
424
424
424
425
445
580
425
424
424
424
455
580
424
437
580
424
425
454
580
425
424
879
580
424
424
425
589
580
454
580
424
425
424
424
424
425
695
580
424
424
425
508
580
455
580
425
424
436
581
424
424
424
425
424
424
425
424
424
424
425
454
580
425
463
580
425
424
454
580
455
580
463
581
424
424
424
437
580
424
425
424
424
424
425
424
464
580
424
424
425
463
580
424
424
437
580
424
425
463
581
424
424
424
931
581
1110
580
4350
580
425
424
424
424
425
424
424
424
425
424
861
580
424
425
730
424
455
580
424
424
425
424
424
424
437
580
425
424
649
580
455
580
424
437
580
425
424
424
424
425
424
424
424
425
424
424
437
610
737
424
445
581
424
424
424
425
424
424
424
425
445
580
425
424
424
424
455
580
424
464
580
424
424
437
580
424
425
453
581
463
581
424
424
424
437
580
425
424
436
581
454
655
736
425
424
424
437
580
424
425
424
424
424
425
424
8746
424
424
455
580
424
464
580
424
424
571
581
424
424
454
581
424
424
424
424
425
424
424
424
425
424
437
580
424
424
455
580
424
437
580
424
424
425
424
424
424
425
436
581
424
424
463
580
424
861
580
425
424
424
437
580
424
424
455
580
425
424
424
424
425
463
581
424
424
424
425
424
424
424
425
424
424
870
580
455
1193
1423
10882
10986
68995
2587
1980
424
425
424
424
424
425
424
436
581
424
445
1044
1214
580
424
833
580
598
580
424
1953
737
453
581
424
424
454
581
463
580
424
446
655
736
437
580
987
580
425
861
1016
1017
569
199
133
424
424
424
425
424
424
424
424
446
637
736
424
437
1025
581
424
454
580
425
424
424
879
580
424
425
424
424
2068
21935
6741
424
424
425
424
424
424
424
425
424
424
424
425
463
580
463
580
436
581
424
424
455
580
424
437
580
424
425
424
462
581
424
455
1016
1044
580
425
424
424
425
424
424
526
580
424
425
1092
736
424
424
425
424
436
581
424
446
655
11518
737
424
424
424
425
463
580
425
424
454
581
424
424
424
425
424
424
424
424
425
424
437
616
424
424
425
424
455
601
736
425
463
580
424
424
527
580
455
628
736
424
425
424
424
425
517
580
425
424
887
581
424
424
424
425
424
424
424
424
425
424
424
437
580
424
424
455
580
424
425
424
424
424
425
454
581
424
424
424
424
425
463
580
424
425
424
424
424
425
424
464
580
424
424
437
580
424
425
424
424
424
425
424
463
581
424
424
424
424
425
424
424
424
424
425
424
455
580
424
424
424
425
424
424
464
580
424
424
455
580
424
425
424
424
424
425
454
620
736
445
581
424
424
424
723
580
424
424
424
425
424
424
424
5112
580
425
424
424
437
580
424
425
424
463
580
425
424
436
581
445
581
424
424
424
424
425
424
424
425
424
424
424
425
445
580
425
424
879
580
424
463
581
424
424
424
425
424
424
455
580
424
424
425
424
424
424
437
580
424
424
3222
2111
9218
737
424
424
424
424
425
424
424
424
425
424
463
581
436
580
425
445
581
454
581
424
445
647
736
463
580
455
628
812
1048
424
425
463
580
425
424
424
425
424
424
424
425
424
424
424
425
445
581
445
580
425
424
424
446
580
424
425
424
424
424
464
580
425
424
424
424
425
424
464
580
424
424
425
424
424
425
424
424
446
601
736
425
424
424
425
424
424
424
425
424
445
581
463
581
424
765
580
424
446
609
737
424
437
580
424
424
454
581
424
463
581
424
424
463
580
425
424
463
580
425
424
424
424
424
425
424
445
580
425
424
424
424
425
424
424
424
425
424
424
424
425
424
424
425
424
424
424
425
424
424
1073
737
424
424
424
425
436
580
425
424
424
424
464
580
424
437
580
424
425
424
424
424
425
424
436
581
424
424
437
580
424
424
425
424
424
424
424
425
424
424
424
463
580
1215
580
424
905
2331
737
424
424
424
425
579
581
424
424
424
425
424
424
425
424
870
580
424
424
425
8702
424
424
424
425
436
581
424
424
424
464
580
424
424
425
424
424
424
446
618
737
424
424
424
425
424
424
424
437
580
425
424
424
455
580
463
581
424
424
424
425
424
424
424
425
424
424
424
425
445
580
464
580
424
464
580
424
424
425
424
424
425
424
424
424
425
424
424
455
580
424
437
580
424
424
454
580
446
580
425
424
424
424
455
580
424
544
580
425
424
424
424
425
424
445
581
436
581
424
424
445
580
424
425
424
445
581
424
424
424
425
436
580
425
424
455
580
424
424
425
424
424
425
461
581
424
424
424
424
425
463
580
425
424
424
424
455
580
446
580
580
580
425
424
424
424
424
425
424
437
580
424
888
950
736
805
1042
736
424
1070
580
606
581
454
580
425
424
436
581
424
424
464
580
424
425
424
424
424
425
424
424
424
460
490
580
424
425
424
424
424
424
425
424
424
446
580
424
424
425
424
861
1043
1034
581
424
424
424
437
580
425
424
424
424
424
425
424
424
425
424
424
424
446
592
737
424
8503
424
870
580
424
425
424
424
424
425
445
581
517
580
425
424
437
580
870
580
424
446
601
737
424
424
424
425
424
424
424
425
424
424
424
425
424
424
455
580
445
581
445
580
425
424
424
425
424
424
424
424
3928
580
424
1074
736
424
424
425
517
580
425
424
424
424
425
463
580
437
580
425
424
424
424
424
425
424
454
581
445
1017
1026
580
1623
736
425
424
445
581
424
424
424
425
445
1035
580
464
580
424
424
437
580
424
425
454
581
424
445
581
454
1195
928
1048
940
1904
910
1048
425
424
424
424
425
424
445
580
424
425
424
787
580
424
425
424
424
879
580
424
424
425
424
424
424
455
580
424
1110
736
454
581
424
424
424
425
424
424
454
580
425
436
581
424
424
445
611
736
454
580
500
580
446
610
737
1091
736
437
580
1091
736
463
580
436
581
445
580
425
499
581
454
580
463
581
424
424
454
581
424
424
455
580
424
9666
1017
1106
581
424
436
581
878
580
424
424
1172
580
525
602
736
464
1043
581
436
580
425
424
436
1026
581
424
424
446
580
463
580
455
580
424
463
580
870
580
424
425
424
424
454
580
424
437
580
424
425
454
581
424
445
581
424
464
580
463
580
425
424
424
424
425
424
424
463
581
424
424
424
464
1015
1691
1048
778
580
796
1087
736
424
425
424
424
424
464
580
437
580
454
580
481
580
424
424
425
424
596
463
580
424
424
437
580
425
424
424
424
446
580
424
425
445
581
424
454
580
455
580
446
580
424
463
580
437
580
424
425
463
580
425
424
424
424
446
580
424
425
424
424
464
580
446
580
463
581
424
424
425
424
723
580
424
424
425
454
580
446
580
424
454
581
499
580
425
424
436
581
424
424
424
424
464
580
446
580
445
580
446
628
736
424
424
446
580
424
425
424
424
424
464
580
424
446
580
508
580
424
424
425
424
424
509
580
463
581
424
424
425
424
454
8977
580
424
464
580
446
1044
580
424
437
580
424
446
580
424
455
580
455
655
736
436
580
425
424
424
424
425
424
424
870
580
424
425
462
581
878
580
425
445
580
425
424
424
425
887
611
736
424
1298
580
3941
580
464
580
436
611
736
424
463
581
424
424
425
463
580
580
581
619
773
580
602
736
580
580
581
580
580
581
580
610
737
580
580
580
581
601
737
592
736
581
580
580
580
1200
736
581
580
580
580
620
736
580
611
736
580
619
736
581
619
736
581
580
580
581
580
580
580
581
601
736
580
581
601
1356
736
580
581
580
580
580
580
581
580
1396
736
581
580
580
580
581
580
580
580
580
581
580
580
580
581
580
424
446
454
664
736
509
580
424
425
436
581
424
887
580
424
437
580
446
580
424
425
436
602
736
455
580
424
437
580
437
636
737
436
580
425
445
580
446
580
455
580
454
580
425
424
11291
1044
580
888
1643
1611
1049
424
424
424
437
580
425
436
580
425
424
424
424
464
580
424
425
424
424
424
425
832
580
424
870
580
424
455
580
424
455
580
455
580
424
424
424
464
580
437
580
446
580
424
424
425
424
424
424
464
654
737
424
424
424
455
580
424
425
445
628
736
425
3916
455
580
424
425
463
580
463
580
424
425
436
580
425
424
445
637
736
463
610
736
437
673
737
424
463
581
424
424
463
580
425
445
1026
580
446
580
425
424
424
424
463
580
425
424
436
581
424
424
424
455
580
517
581
424
455
580
424
424
424
536
580
598
580
424
424
1048
736
463
581
436
580
425
424
424
445
581
424
424
424
425
424
454
581
424
445
581
424
424
424
425
424
424
463
655
736
424
425
445
581
424
445
581
445
581
424
445
580
424
446
580
424
424
425
424
455
580
463
580
463
581
3586
8672
1017
1017
1034
580
424
437
570
1084
736
425
424
436
581
436
580
425
424
424
425
424
424
424
446
551
484
580
424
464
580
424
437
580
455
610
736
425
424
454
581
424
424
437
580
424
424
446
580
424
425
424
424
454
580
455
580
463
581
445
580
425
424
454
580
463
580
454
581
424
455
580
436
581
445
581
424
424
446
580
1047
736
424
425
424
424
437
601
736
425
424
424
425
424
424
424
425
424
436
581
424
455
580
424
590
580
424
424
437
580
437
580
455
580
424
424
425
424
424
3586
581
424
424
446
580
424
446
580
424
424
454
580
446
580
425
445
580
425
424
436
581
424
424
455
580
424
425
424
436
581
870
592
736
425
424
424
424
1047
737
445
580
425
424
437
580
424
424
425
424
454
2321
736
3914
580
425
424
424
464
580
424
424
464
580
424
464
580
463
580
424
424
425
424
463
580
424
424
437
580
425
531
425
424
454
593
736
690
8720
424
446
1034
1044
1034
1035
580
436
581
454
580
455
580
425
424
445
581
424
424
424
425
424
437
580
424
437
580
424
425
424
424
424
425
424
436
581
424
424
454
580
425
436
580
425
424
455
580
424
424
425
445
581
869
581
424
424
437
580
437
580
454
581
454
1035
580
424
424
424
425
424
424
437
580
424
437
580
424
424
425
445
581
454
580
425
445
580
425
424
436
646
736
425
445
580
425
92225
455
580
454
1017
1125
752
726
1057
737
445
580
425
424
424
425
424
424
446
580
463
580
424
437
580
455
636
737
424
424
446
646
737
424
445
581
424
436
581
424
424
424
463
580
425
436
581
436
580
463
580
424
437
580
424
464
628
736
424
424
446
580
446
580
437
1043
1573
2062
2289
2020
1980
463
580
464
580
425
424
424
455
688
481
580
424
446
580
425
424
424
424
437
580
424
437
580
464
580
455
580
424
732
580
424
464
580
424
424
425
424
446
580
424
424
437
619
737
424
424
424
463
580
446
580
463
580
425
463
580
870
580
425
526
593
736
424
454
580
424
425
463
580
424
425
436
581
424
424
424
424
455
580
436
581
463
580
424
424
454
581
424
446
580
424
446
580
424
424
464
646
736
425
8664
424
424
455
1017
1061
655
736
879
580
424
424
437
580
464
580
424
1118
737
424
445
581
454
580
425
436
580
425
424
424
446
580
424
425
454
580
425
436
580
425
424
424
464
580
424
425
445
580
425
436
581
526
580
425
436
581
424
424
454
581
445
581
424
424
424
425
424
455
580
965
970
736
425
424
424
3345
1569
1621
1048
424
425
424
424
560
490
580
424
446
580
446
580
424
424
424
464
580
424
424
455
580
424
425
861
580
424
446
592
30731
736
445
580
425
396
1057
1190
580
424
446
580
580
581
673
736
580
580
581
580
593
736
580
580
581
580
9584
1173
1347
1347
1329
736
580
580
581
580
610
737
580
580
581
580
580
580
581
580
580
580
580
581
580
580
580
581
580
580
580
580
620
736
581
580
580
580
3886
737
580
580
580
581
580
580
581
580
967
580
580
580
593
580
580
581
580
592
737
580
580
580
580
581
580
580
593
736
580
580
581
580
580
581
580
580
580
581
580
580
580
581
580
580
580
581
580
580
593
736
580
581
580
580
580
581
580
580
580
1173
1355
736
581
580
580
580
581
1191
736
1173
736
580
580
581
580
580
580
581
580
580
580
581
580
580
580
581
580
580
580
581
580
580
580
581
580
1394
1205
1980
580
580
581
619
736
581
580
580
580
581
580
580
580
580
581
580
580
620
736
610
737
580
580
580
1936
9170
1191
736
1231
4977
1659
1400
1346
737
580
580
580
581
580
580
593
736
661
581
580
580
580
581
580
580
580
580
581
580
580
602
736
580
619
736
580
581
580
580
580
581
580
580
580
581
580
619
737
580
580
580
581
580
580
580
581
580
580
580
581
580
580
580
581
580
580
580
580
581
580
611
736
592
737
610
736
581
1984
1048
620
736
580
580
581
580
580
580
1191
736
581
580
580
581
580
580
580
581
580
637
736
581
580
580
580
581
580
580
581
580
580
580
581
580
580
580
581
610
736
580
1424
736
581
580
580
602
736
618
737
580
580
580
580
619
736
581
580
580
611
736
580
580
580
610
736
580
581
580
580
580
1182
737
580
580
580
581
610
736
581
580
601
737
580
580
580
581
580
9226
1838
736
580
581
1173
736
580
580
581
580
1182
736
580
580
581
580
580
602
736
580
611
736
580
610
709
637
736
581
580
580
580
581
601
736
581
580
580
602
736
580
580
581
580
580
581
580
580
580
581
580
580
580
602
736
610
737
580
592
737
580
580
581
580
580
580
581
580
580
580
581
580
580
580
610
736
580
581
580
580
580
581
580
580
580
580
593
736
580
580
581
580
580
580
593
736
580
581
580
580
580
580
581
580
580
580
580
581
580
619
1317
580
580
611
736
580
580
581
592
736
581
580
580
580
581
580
580
1377
1048
581
580
580
580
580
593
736
580
580
581
580
580
580
580
619
736
581
580
580
580
581
580
580
580
581
580
619
2230
4759
2028
1048
580
580
580
581
601
736
611
9895
1048
580
1200
1329
1355
736
580
580
602
736
581
580
580
580
581
580
580
580
581
619
736
581
580
580
581
580
580
580
602
736
580
581
580
580
580
581
580
580
581
580
580
580
581
580
1666
736
580
580
580
581
601
736
619
737
580
580
580
1199
737
580
580
580
581
580
580
580
581
580
580
580
581
580
580
580
581
580
580
1200
736
581
619
736
580
580
581
580
580
580
610
737
580
580
611
736
580
593
1347
736
580
619
737
580
580
1801
1675
1048
580
581
1182
736
580
580
580
581
580
944
1338
736
581
580
580
958
581
580
593
736
580
580
602
736
580
581
580
580
580
581
580
580
1182
736
580
593
736
581
580
580
580
581
610
736
581
580
580
581
580
580
580
581
9564
1346
1356
1329
736
581
580
580
580
611
736
580
602
736
580
581
610
736
580
580
581
580
745
737
580
610
737
580
580
620
736
610
736
581
853
736
581
580
580
620
736
580
580
581
580
580
581
580
580
580
580
581
580
580
580
581
580
580
580
581
580
580
580
581
580
580
580
634
581
580
592
737
580
580
580
581
580
580
611
736
580
1801
736
4489
736
580
581
580
580
581
580
580
580
620
736
581
580
580
580
581
580
580
580
742
646
736
580
581
580
580
580
580
580
581
580
580
580
581
580
580
602
736
580
581
580
580
580
581
580
580
602
1530
736
581
580
580
580
610
1338
736
581
580
580
580
581
580
580
580
581
580
580
580
581
580
580
580
581
580
580
593
736
580
580
620
794
1048
580
580
580
580
581
580
610
737
8499
580
580
647
1490
736
580
580
620
1346
1356
736
581
580
580
580
602
736
619
737
580
580
580
581
609
736
619
736
581
580
580
593
1337
737
580
610
737
580
580
611
736
580
580
580
581
580
580
580
581
592
736
611
736
580
580
581
580
580
1195
737
580
808
736
581
580
580
1191
736
611
736
580
580
593
736
581
1181
737
580
610
899
580
580
580
581
580
592
710
619
736
581
580
580
580
581
580
580
580
581
580
580
580
581
580
580
581
580
610
737
580
580
580
581
619
736
581
580
580
580
581
580
580
580
581
580
580
1424
736
581
580
580
580
581
580
580
580
581
592
736
581
580
580
580
581
601
736
580
581
580
580
656
736
580
580
581
601
736
593
736
580
581
580
580
581
682
736
619
737
9408
1181
1355
1347
1356
736
580
580
581
1181
736
620
736
580
580
580
1190
737
592
737
592
736
619
737
580
580
580
580
581
601
736
581
580
968
3315
1048
1195
736
580
580
581
580
580
1191
736
1084
580
580
580
581
592
736
581
580
580
580
611
736
580
580
581
580
580
593
736
611
736
580
602
736
580
580
581
580
580
580
581
580
580
581
580
619
737
580
580
580
581
580
580
1182
736
580
581
580
580
580
602
736
580
581
580
580
580
581
601
1329
736
580
581
580
580
580
581
580
580
620
736
580
580
581
1413
1048
580
580
580
581
580
580
581
580
580
580
581
580
592
737
580
580
580
581
580
580
602
736
1173
736
580
580
581
580
1368
1048
581
580
580
580
593
736
7486
8561
1048
1236
736
1182
736
1182
736
580
580
602
736
580
619
737
580
580
580
581
804
646
736
581
580
580
580
581
592
736
581
580
580
580
581
580
580
620
736
580
580
581
619
736
580
581
580
580
1182
736
580
602
736
580
581
580
580
580
580
580
145
580
580
580
619
736
581
580
580
580
92316
580
1200
1347
1401
736
580
580
581
580
1190
736
580
581
580
580
580
581
610
736
581
580
580
581
580
580
580
581
580
580
580
581
580
580
580
581
580
580
580
580
581
580
580
580
581
580
626
580
580
580
581
580
610
737
1341
736
580
580
581
580
580
580
581
580
580
580
580
581
580
619
737
580
580
580
580
581
580
580
580
580
581
580
580
580
593
736
580
581
580
580
580
581
580
580
580
581
580
580
1710
1048
580
580
952
737
852
737
580
580
610
737
580
580
580
581
424
424
424
445
1044
580
424
464
580
568
424
424
446
637
736
446
580
424
454
8802
637
1182
602
1190
580
425
424
424
424
425
424
424
425
424
424
463
580
424
425
463
580
424
446
580
455
580
424
464
580
424
425
445
580
455
580
425
517
580
425
424
445
593
736
425
436
580
455
580
463
581
445
580
455
580
437
646
736
425
445
580
425
454
580
425
424
424
425
463
580
628
736
580
581
580
580
580
581
580
601
737
763
736
580
580
580
580
581
580
580
580
580
581
580
580
593
736
580
580
581
580
580
580
602
736
580
620
736
580
580
611
736
580
580
581
580
580
580
581
580
580
580
580
581
601
736
581
1181
737
580
580
580
581
580
580
580
611
736
580
580
581
580
580
580
580
581
580
580
580
581
580
580
580
580
581
580
1576
1093
4911
737
618
737
580
580
602
736
580
580
581
1190
847
1048
580
581
580
592
737
580
580
580
581
8443
620
736
1173
1329
736
580
580
1173
1329
736
580
580
581
580
580
580
581
601
736
581
580
580
580
581
1245
736
580
580
602
736
593
736
580
580
581
580
580
763
736
581
610
736
580
620
736
581
580
580
580
581
592
1338
1329
736
592
736
581
580
580
580
581
580
580
619
736
580
580
581
580
580
580
611
736
580
581
580
580
580
580
611
736
581
580
580
580
1200
736
580
581
580
580
553
4892
2713
1980
609
737
609
755
736
593
736
580
580
40184
1190
1329
736
581
569
621
1571
736
581
580
580
580
581
580
853
736
581
580
580
580
611
736
580
581
580
580
580
581
580
580
580
581
619
736
580
580
580
581
580
580
580
581
580
1191
736
580
580
580
581
592
736
581
580
580
580
581
580
580
619
736
580
580
581
580
611
736
1022
5186
1048
619
737
601
736
581
580
580
580
581
580
571
441
580
581
580
580
580
581
580
580
620
736
580
580
581
580
610
736
580
580
581
580
1191
736
580
610
737
580
611
736
580
580
593
757
1048
581
592
736
581
580
580
580
581
580
580
580
581
580
580
1173
736
580
581
580
580
580
593
736
580
581
1172
737
592
736
581
580
580
580
581
580
601
737
580
580
580
581
580
580
580
581
1433
736
620
736
580
580
581
9434
736
581
1244
737
580
580
580
580
1200
736
581
580
580
580
580
580
581
580
580
1191
736
580
580
581
580
580
580
580
593
736
580
581
580
580
580
581
580
580
580
580
581
580
580
580
581
580
580
580
581
1766
5235
1048
580
581
580
580
611
736
580
611
736
580
580
581
619
736
581
580
580
580
581
580
580
593
736
580
580
581
580
601
737
592
736
581
580
580
580
581
580
580
602
736
611
736
580
580
620
736
580
580
581
580
580
1200
736
580
581
580
664
737
580
580
580
580
581
601
736
581
580
580
665
736
580
580
665
736
581
580
1307
736
580
581
580
580
593
736
580
1191
736
580
620
736
580
581
580
580
581
580
580
602
736
610
737
580
580
580
581
580
580
580
581
580
580
580
602
736
580
581
9547
581
1181
737
1190
737
1181
737
1172
737
580
1704
1698
1483
2028
2869
1980
580
580
581
580
580
580
1182
737
580
580
580
581
580
611
736
580
580
581
580
580
580
602
736
580
581
580
580
580
581
580
601
737
610
736
581
580
580
580
620
736
580
581
1199
737
580
580
580
581
601
802
1048
581
580
580
580
581
580
580
580
611
1338
736
580
580
580
580
581
619
736
581
580
580
580
581
580
580
580
580
581
580
580
580
665
736
580
580
581
580
580
580
580
581
580
580
580
580
581
580
580
580
629
736
580
580
611
736
1359
1049
580
580
580
580
581
580
580
580
580
581
152
580
1173
736
580
580
581
580
580
580
602
1355
736
3409
736
2089
736
580
593
9046
737
592
1346
1329
1329
1355
737
580
580
580
581
580
580
580
580
581
1181
737
580
580
1182
736
580
581
580
580
580
580
602
736
581
580
610
737
580
580
628
736
593
736
580
593
736
602
736
580
581
580
580
580
581
580
580
580
581
1200
736
580
580
581
580
619
736
580
580
581
580
601
737
601
736
581
580
580
580
581
580
580
581
580
580
611
736
580
580
602
736
580
611
736
580
581
592
737
580
580
580
581
580
580
580
581
580
619
736
1182
736
593
736
580
581
580
580
580
602
736
581
580
580
580
581
580
580
580
581
580
592
737
580
580
580
581
592
737
580
1173
736
580
611
736
580
580
580
619
737
1444
4746
1067
1048
580
580
581
580
580
580
620
736
580
581
580
580
580
580
581
1190
9195
593
1346
1347
1329
1355
736
580
580
581
592
736
581
580
580
580
580
602
736
611
736
580
580
593
736
580
581
580
580
580
581
619
736
581
580
580
1930
1049
610
736
581
580
580
580
581
580
580
593
736
619
736
580
580
581
580
580
581
580
580
580
581
580
580
580
581
580
580
580
581
580
580
602
736
580
593
736
580
580
581
580
611
736
580
580
580
581
610
737
580
580
580
580
602
736
1395
4813
1981
580
602
736
580
580
581
580
580
611
1878
1429
2037
1048
679
580
602
736
1413
1069
3143
2011
1992
2028
2046
1980
593
736
580
580
581
592
736
581
580
580
610
736
580
581
580
580
619
736
580
580
580
8715
580
581
580
580
580
581
580
580
580
581
580
580
580
581
580
580
580
580
581
580
580
580
581
580
610
736
581
914
736
580
580
580
581
580
580
580
581
580
580
580
674
736
580
581
580
580
580
581
610
736
580
620
736
581
580
580
580
580
581
2507
580
602
736
580
581
580
580
580
581
580
580
580
580
581
580
580
934
2452
1564
2046
1048
580
581
580
580
580
580
580
602
736
593
736
905
580
580
580
581
580
580
580
581
580
580
580
581
610
736
581
580
580
602
736
593
736
580
580
580
581
580
619
736
581
580
580
580
580
581
580
580
580
1406
736
581
580
580
580
580
581
580
580
580
581
580
580
593
736
580
580
580
581
580
580
602
736
580
580
581
580
580
580
602
736
611
736
592
736
581
580
580
580
581
6721
2230
580
581
580
580
580
581
580
580
580
581
580
646
736
580
581
580
580
580
602
736
580
581
580
580
580
581
580
1172
737
580
580
580
581
618
737
580
580
580
1200
736
581
580
580
580
581
580
580
580
665
736
718
847
1049
736
736
781
736
664
1329
736
580
593
736
581
580
580
580
581
580
580
580
581
580
580
580
581
822
620
92524
736
581
580
610
737
580
1129
580
581
580
580
580
581
580
580
581
580
580
602
736
580
593
736
580
580
581
580
580
580
581
580
580
580
580
581
580
580
580
581
580
580
580
581
580
580
580
581
580
580
634
580
581
580
580
580
581
580
580
580
602
736
580
581
580
580
581
580
580
580
581
580
580
580
580
580
581
580
580
580
581
580
580
580
581
580
601
737
580
736
737
580
580
581
580
580
580
581
580
580
580
581
580
580
580
581
580
905
736
580
580
581
580
580
580
581
580
580
619
737
580
580
580
581
619
736
581
580
580
580
593
736
580
580
581
580
580
580
593
736
580
580
581
580
580
580
581
580
580
9108
580
581
580
580
580
581
580
580
580
580
581
580
580
580
580
581
580
580
580
581
580
601
736
724
637
736
580
611
736
580
602
736
580
580
602
736
580
580
581
1172
737
580
580
602
736
580
580
581
580
580
580
620
736
580
580
581
580
580
593
736
580
580
580
581
580
580
673
737
580
580
581
580
580
580
581
580
580
580
581
580
580
580
581
580
580
580
581
580
580
593
736
580
620
736
581
580
1173
736
581
580
580
580
581
580
580
611
736
852
737
580
580
580
581
580
580
580
581
610
736
581
580
580
580
581
580
580
580
581
580
580
580
593
736
580
1182
736
581
580
580
580
1200
736
581
580
580
580
581
618
737
580
580
580
593
736
580
581
580
580
580
580
611
736
580
581
619
2055
1405
2102
2019
1048
8797
580
581
580
580
580
580
581
580
580
580
581
580
580
580
580
581
580
580
580
581
580
580
580
581
601
736
580
580
581
580
580
580
593
736
580
581
580
580
580
581
580
580
580
581
580
580
581
580
580
580
581
580
580
580
580
611
736
580
580
581
580
592
737
580
580
580
581
580
580
580
580
581
580
580
580
619
737
580
580
580
580
826
736
581
580
611
736
580
580
602
736
580
580
581
580
580
580
581
580
580
665
736
580
580
581
580
580
580
581
580
580
581
580
580
580
581
580
580
580
581
610
736
581
580
580
581
580
580
580
581
580
580
580
1793
1171
2118
1980
580
580
593
736
580
581
580
580
580
593
736
580
1030
580
581
580
580
580
581
580
580
602
736
580
581
580
580
580
581
580
580
602
736
580
580
581
580
580
580
581
580
580
580
37721
1253
736
580
581
580
580
580
581
580
620
736
580
580
581
580
580
610
737
580
580
581
580
592
737
580
580
580
581
580
580
580
581
580
580
580
581
580
601
737
580
580
580
581
580
580
580
581
580
580
580
580
581
580
580
580
602
736
580
581
580
580
580
580
581
580
580
580
580
581
580
580
581
580
619
736
1929
1261
1587
2269
1048
581
580
580
580
611
736
580
581
592
736
581
580
580
580
581
580
580
580
1182
736
580
581
580
580
580
581
580
580
580
581
580
580
580
581
580
580
580
580
581
580
580
580
581
580
580
580
635
580
580
580
581
580
580
580
581
580
580
580
601
736
581
9562
581
619
736
580
580
581
745
736
580
593
736
610
737
580
580
602
736
580
610
736
581
580
580
620
736
602
736
580
619
736
580
581
580
580
580
1200
736
580
580
581
580
580
580
581
580
580
580
580
611
736
580
581
552
647
737
843
2382
1048
2044
736
581
580
580
580
580
581
580
592
737
580
580
580
1232
736
580
580
611
736
580
581
580
580
580
580
581
580
580
580
593
736
580
581
580
580
580
580
581
580
580
580
581
580
580
581
580
580
580
580
581
580
580
580
581
580
580
581
1217
736
581
580
580
580
581
580
526
581
517
580
425
424
454
580
425
424
424
424
425
463
580
425
463
580
425
424
424
464
580
424
424
446
580
446
580
424
425
424
424
424
424
425
424
437
580
424
424
424
455
580
424
464
580
424
424
425
424
424
424
446
580
424
425
9027
580
424
424
425
424
424
424
437
580
424
425
445
629
736
424
424
425
424
424
424
425
424
424
424
425
424
424
437
580
424
424
424
425
445
611
736
424
424
581
580
1015
736
581
580
580
1741
619
1779
1048
580
580
581
580
580
580
581
592
736
581
580
580
580
715
581
580
580
580
580
581
580
580
580
581
610
736
581
601
736
581
580
580
580
580
581
580
580
610
736
580
581
619
736
581
580
580
580
593
736
580
581
580
580
580
581
601
736
593
736
580
581
580
580
580
581
592
736
581
580
580
580
581
580
580
580
581
580
580
580
581
580
601
736
580
1191
736
580
581
580
580
580
581
580
580
581
580
580
580
580
581
580
580
611
736
580
581
580
580
580
581
580
580
580
602
736
580
581
580
580
580
581
580
580
611
736
580
581
580
580
580
581
580
580
580
581
580
580
580
581
580
580
10493
737
580
580
580
581
580
619
737
580
580
580
790
737
580
610
737
580
580
580
593
736
580
580
877
580
581
592
1347
736
580
581
580
580
580
581
580
601
737
580
580
580
581
580
580
580
602
736
611
736
580
580
580
581
592
736
581
580
580
619
736
581
580
580
580
581
580
580
580
581
580
580
580
581
610
736
581
580
580
580
581
580
580
580
581
580
592
737
580
580
580
581
580
580
580
581
580
580
580
581
580
580
580
905
736
581
580
580
580
611
736
580
581
580
580
581
580
580
593
736
580
580
1191
736
581
580
580
580
593
736
580
581
618
737
609
736
581
580
580
580
602
736
580
581
580
580
581
673
1897
593
736
610
737
580
580
580
581
601
736
581
580
580
580
581
580
580
581
580
580
580
580
581
9410
580
652
580
580
581
619
736
581
580
580
580
581
580
580
580
580
581
580
580
580
581
601
736
581
580
580
580
581
580
580
581
580
580
580
581
580
580
580
581
580
580
580
581
580
580
580
581
580
580
593
736
580
580
581
580
580
580
580
581
580
580
580
581
580
580
580
581
580
580
581
580
610
736
581
580
580
580
580
581
580
580
580
581
580
580
593
736
580
580
580
611
736
581
580
580
602
736
580
611
736
580
592
737
580
580
580
581
580
580
580
581
580
580
580
581
580
580
580
581
580
580
580
581
580
580
580
581
580
580
913
580
580
581
580
4425
580
581
580
580
580
580
581
580
580
7581
736
611
736
580
620
736
580
580
581
580
580
824
628
736
580
580
581
580
610
737
580
580
580
580
581
580
580
580
580
8740
580
580
580
581
580
580
580
580
581
601
736
611
736
580
581
580
580
580
581
580
580
580
580
581
592
736
581
601
737
619
736
580
581
580
580
580
581
580
580
580
581
580
580
580
580
581
601
736
581
580
580
580
581
580
580
580
665
736
580
581
816
811
1096
1980
581
580
619
736
581
580
580
580
581
580
580
580
581
580
580
580
611
736
581
580
580
593
736
580
580
581
580
580
593
736
601
737
610
736
581
580
580
620
736
580
580
581
580
580
580
581
580
580
580
581
580
580
580
2462
2757
2387
1049
580
580
706
581
580
580
580
581
580
1182
736
601
737
580
580
580
581
580
580
581
580
610
736
580
581
580
580
580
581
580
580
580
581
580
593
736
580
580
581
580
580
580
581
580
580
580
580
581
580
580
580
602
736
8632
580
580
581
580
580
580
581
580
580
580
610
737
580
580
948
737
580
580
580
581
580
580
580
581
580
580
580
581
580
580
580
581
580
580
581
580
580
580
581
580
580
580
617
580
581
580
619
736
580
580
646
737
610
736
581
580
580
580
581
580
580
91363
581
580
580
620
736
580
580
581
580
580
611
736
580
580
593
736
580
580
581
580
580
580
580
611
736
580
593
736
580
581
580
580
580
593
736
580
580
581
580
580
619
737
580
580
580
581
580
592
737
580
580
580
581
580
1193
1231
580
580
580
581
580
580
602
736
580
1059
2170
1048
580
580
581
580
580
580
580
581
580
580
580
581
580
580
580
581
580
580
580
581
580
580
581
592
736
581
580
580
580
581
887
736
580
580
580
581
619
736
580
580
580
602
736
580
580
581
580
580
580
580
580
581
610
736
593
736
580
581
580
580
580
593
736
580
580
581
580
580
580
602
736
619
736
580
580
581
580
580
602
736
580
581
580
580
580
581
580
580
580
581
8963
580
581
580
580
580
581
580
580
580
581
580
602
736
580
580
581
580
580
580
581
580
4345
2134
1150
1980
581
580
580
611
736
580
580
580
581
580
580
580
580
581
580
1057
580
580
602
736
580
580
581
580
580
581
580
580
619
736
581
580
580
581
580
580
610
736
580
611
736
580
581
580
580
580
580
581
580
580
580
580
602
736
620
736
580
580
581
580
580
580
1173
736
580
581
580
580
593
736
580
581
580
580
580
581
580
580
580
581
580
580
580
581
580
580
580
581
580
580
580
581
580
580
580
581
1252
737
580
580
580
581
580
580
665
736
580
580
581
580
580
580
581
580
580
580
581
592
736
581
580
580
580
581
580
580
580
581
580
580
580
580
581
580
13281
580
581
580
580
580
581
580
580
580
581
580
580
580
581
580
580
581
4476
3040
2027
1048
581
580
580
580
580
581
580
580
580
593
736
580
581
580
580
580
581
580
580
580
581
580
580
580
581
580
580
581
580
580
580
581
580
580
580
581
580
634
581
580
580
580
580
581
580
580
580
580
581
580
580
1200
736
580
581
580
580
580
1182
736
581
580
580
580
581
580
580
581
580
580
580
581
580
580
580
581
580
580
580
581
580
601
737
580
580
581
580
580
580
593
736
580
581
580
580
580
581
580
580
580
581
580
580
580
581
601
736
581
1181
737
580
580
580
580
581
580
580
580
581
580
580
580
581
580
580
581
580
580
580
581
580
580
580
593
736
581
580
580
580
581
601
736
581
580
580
580
581
580
580
580
581
580
8533
580
580
581
580
1182
736
580
580
581
580
580
581
580
580
580
581
580
580
580
30697
580
581
580
580
580
941
736
581
580
580
580
581
580
580
580
581
580
580
580
602
736
581
580
580
580
581
580
580
580
581
580
580
580
581
580
580
593
736
580
580
581
580
580
580
581
580
580
580
581
580
580
424
425
424
424
424
446
843
736
425
424
424
425
424
424
424
425
424
424
424
425
424
446
580
424
424
425
424
481
1456
4791
1048
463
580
425
424
436
581
424
424
446
655
736
454
580
703
472
581
424
424
424
464
580
424
425
454
580
424
424
425
424
424
424
425
424
424
424
424
425
424
424
424
437
580
425
424
8577
424
424
425
424
424
424
425
454
580
425
580
592
737
580
580
580
581
580
580
580
580
581
580
580
580
581
580
580
580
580
581
580
580
580
581
580
580
580
580
644
580
580
581
580
619
736
580
581
580
580
580
580
581
580
580
580
581
580
580
581
580
580
580
581
580
580
580
611
736
581
580
580
580
581
580
580
580
581
580
580
1173
736
580
581
580
580
620
736
580
581
580
580
580
581
619
736
580
1173
736
580
610
737
580
580
580
581
580
580
580
580
581
580
580
581
580
580
580
581
580
580
602
736
580
2610
4904
1980
580
580
581
580
580
1182
736
611
736
580
580
610
736
581
619
736
580
581
580
610
736
581
580
580
580
581
610
736
581
580
580
602
736
580
580
580
581
580
580
580
581
580
580
580
581
580
580
8501
580
580
581
580
610
736
580
593
736
580
580
580
581
580
580
580
581
580
580
580
581
610
736
581
580
580
580
602
736
611
736
580
580
581
580
580
580
580
581
580
580
580
581
1182
736
580
580
581
580
580
602
736
580
580
581
580
580
580
580
581
580
580
602
736
580
580
581
580
580
580
610
736
580
581
619
737
580
580
580
580
580
581
580
580
1607
736
580
580
581
580
580
580
581
580
580
580
581
580
580
619
1096
581
580
580
580
581
618
736
581
580
580
580
602
736
611
736
580
580
581
580
580
580
580
581
580
580
1404
1048
580
602
736
580
580
581
580
580
580
581
580
580
580
1182
737
580
580
580
593
736
580
581
580
580
580
581
610
736
581
580
580
610
736
580
580
558
1409
1048
580
580
619
1337
737
580
580
656
736
580
9196
610
1356
736
580
581
580
580
580
1191
736
580
581
580
580
580
580
581
580
580
1190
737
580
580
673
737
580
580
580
580
580
581
1181
736
580
581
580
580
580
611
736
580
1701
1048
908
1018
1048
580
580
580
602
736
593
736
580
580
665
736
581
552
620
737
580
672
580
581
580
593
736
580
580
580
1182
736
581
580
580
580
581
580
580
580
581
673
736
581
580
580
602
736
580
593
736
580
580
581
580
655
737
580
580
580
580
581
580
580
580
581
580
580
877
736
580
581
580
580
580
581
580
580
580
581
682
736
580
1199
737
580
580
611
736
580
1173
736
580
581
580
611
736
580
580
692
736
580
580
581
763
736
580
581
580
580
580
620
736
580
580
581
1199
737
580
580
580
581
580
580
580
581
580
1190
736
581
601
736
9131
1191
736
580
580
580
580
581
580
580
1182
736
580
934
737
580
580
1096
1000
1049
853
736
581
580
580
580
580
581
601
737
580
592
1142
580
580
581
580
580
580
580
581
579
581
1173
736
580
580
580
581
580
580
581
580
580
580
581
580
580
580
1412
1048
602
775
1049
592
803
1048
581
601
736
581
580
581
1199
737
580
580
581
580
1191
736
580
580
581
580
580
580
581
580
580
580
581
580
580
580
620
736
581
580
580
580
1377
1048
580
580
581
580
580
580
581
601
736
580
746
736
580
611
736
580
580
580
581
580
580
580
581
580
580
593
736
580
580
581
580
580
580
581
580
580
580
581
580
580
580
611
736
580
580
581
610
736
581
580
592
736
1191
736
581
580
580
580
581
580
8893
580
580
581
580
580
580
581
580
580
580
602
736
602
736
826
736
580
580
580
581
580
580
580
602
736
580
580
610
736
581
580
602
736
580
593
736
580
580
580
620
736
580
581
580
580
580
581
580
580
580
580
581
580
580
580
581
580
580
580
581
580
580
580
593
736
682
736
581
580
580
580
581
580
580
580
581
580
580
580
581
610
736
581
580
580
580
581
580
580
581
580
580
580
581
580
580
580
1200
736
581
580
580
580
580
581
580
580
580
581
580
580
580
581
580
580
619
736
580
581
580
580
580
580
581
580
580
580
581
580
580
580
580
581
580
580
580
581
580
593
736
580
1199
737
610
736
580
581
580
592
737
1267
736
880
4880
1048
580
581
580
580
620
736
580
580
580
581
580
580
580
581
580
580
580
9526
580
580
581
1182
736
580
580
580
581
580
580
593
736
580
581
580
619
737
601
737
610
749
1640
737
580
580
580
581
580
580
619
737
580
580
580
580
581
580
580
580
581
1181
736
580
580
581
580
580
580
1182
737
580
580
619
737
580
580
580
580
581
91186
593
737
592
737
580
580
581
609
793
1048
581
580
580
580
1200
736
593
736
580
580
580
580
581
580
580
580
1173
736
580
580
1182
736
580
581
580
580
593
736
580
580
580
581
580
619
737
580
580
580
581
580
601
737
580
580
1359
1048
593
736
1182
736
580
581
580
580
620
1347
736
610
737
580
580
580
553
629
736
601
737
580
580
580
581
580
580
593
736
580
580
581
580
580
1820
928
5719
1980
580
580
580
581
580
580
580
581
580
580
580
581
580
1191
736
580
581
580
580
580
580
581
619
736
581
580
1191
736
580
580
581
580
580
611
736
580
580
580
620
736
580
580
581
618
737
580
580
9237
580
581
580
1182
736
580
580
581
580
580
580
580
580
593
736
581
580
580
580
619
737
580
580
580
581
580
610
736
580
581
580
580
581
580
580
580
581
673
736
580
1200
736
581
580
580
580
580
580
581
580
580
611
736
580
580
580
581
610
737
580
580
580
581
580
580
580
581
580
580
1181
736
7887
736
580
580
581
580
580
580
1067
673
736
581
580
580
580
580
611
736
580
581
580
610
737
580
580
580
580
593
736
580
581
580
580
888
736
580
581
580
580
580
581
580
580
580
581
580
580
580
1262
737
580
580
580
581
601
736
581
580
580
580
581
580
580
580
619
736
581
580
580
580
581
619
736
580
581
1181
737
580
601
737
592
736
581
580
580
580
580
665
736
580
581
580
580
580
580
581
9617
736
580
580
581
580
580
580
620
736
580
580
581
580
580
611
736
1199
737
580
580
580
581
580
580
581
580
580
580
581
580
580
580
1196
1725
1048
2321
1000
1048
580
581
580
580
580
581
580
580
580
611
736
580
580
581
580
580
580
581
644
581
580
580
580
580
581
580
610
736
581
610
736
580
581
580
580
620
736
580
580
580
581
580
580
580
581
580
580
580
580
580
602
736
580
602
736
580
581
580
580
580
580
602
736
580
611
736
580
581
580
611
736
1181
737
610
736
581
592
736
580
581
580
580
580
581
1413
1048
580
580
1385
1151
2181
1049
580
602
736
581
618
758
1048
619
737
580
580
580
580
580
580
611
736
593
736
580
580
580
581
1921
736
580
581
580
580
580
581
580
580
9343
581
580
580
790
1108
4838
31544
1980
581
580
580
580
581
580
580
580
580
581
580
580
610
736
580
581
580
619
736
580
580
602
736
581
580
580
580
580
581
580
580
580
581
580
580
593
736
580
581
580
580
580
581
580
580
580
581
580
580
602
736
580
1182
736
580
580
581
580
580
580
602
736
580
581
580
580
580
581
580
592
737
580
580
580
581
580
580
580
581
580
580
580
580
581
619
736
581
580
580
580
580
602
736
581
619
736
581
580
580
580
581
601
736
620
736
580
581
580
580
581
580
9393
580
580
581
580
580
581
1460
736
580
581
580
580
580
581
580
580
580
581
580
580
580
580
581
580
580
580
581
580
580
580
581
580
580
580
644
580
580
581
580
580
580
581
580
580
581
580
580
580
620
736
580
580
580
581
592
736
581
580
580
580
581
580
610
737
580
580
602
736
601
737
580
580
2321
580
581
601
736
580
581
580
580
580
581
580
580
580
581
601
736
581
580
580
580
581
580
580
580
581
580
580
580
581
580
580
602
736
580
581
580
580
580
581
580
580
580
1404
1048
580
581
580
580
580
581
580
580
580
581
580
580
580
580
581
592
736
581
580
580
580
581
580
580
580
581
580
580
580
581
619
1529
5433
2019
1049
619
736
580
580
581
580
580
620
9679
736
581
610
736
581
580
610
736
580
581
580
580
580
580
581
580
580
580
581
580
580
580
580
581
580
580
593
736
580
580
581
580
580
580
580
581
601
737
580
580
580
581
1172
737
592
736
580
581
580
619
736
580
581
580
580
580
611
736
580
580
602
736
610
737
580
580
580
581
580
580
580
581
580
580
580
581
580
580
580
593
736
619
802
1048
581
580
581
580
593
811
1048
619
736
580
580
581
580
580
580
581
619
736
581
580
580
580
611
736
580
581
580
580
580
581
580
580
580
581
580
580
580
581
580
580
580
580
581
580
580
580
580
581
580
592
737
2127
1288
5052
1980
581
552
638
736
581
580
580
580
580
581
580
1191
808
1182
736
580
580
424
425
424
463
580
425
424
518
580
9172
437
580
424
424
425
445
580
425
526
581
424
424
424
424
425
424
446
580
424
424
424
861
580
425
424
454
580
424
424
425
424
424
424
425
424
424
425
453
3803
581
424
424
463
580
464
580
425
424
463
581
424
424
464
580
424
424
879
709
736
455
580
424
455
580
445
628
737
424
424
424
424
437
580
580
580
581
580
682
737
592
1347
736
619
736
581
580
580
580
581
580
602
757
1048
580
581
580
580
581
580
580
580
580
620
736
580
581
580
580
1182
2136
1049
988
1018
1048
727
736
581
580
580
580
581
580
580
580
1431
1048
580
580
581
580
580
1182
736
580
620
736
580
985
580
568
826
1049
580
1173
736
580
580
580
581
580
580
580
1182
736
580
580
580
581
580
580
611
736
1190
737
580
580
580
581
8572
581
580
580
580
581
580
580
593
736
580
580
581
580
580
580
580
581
580
580
580
581
580
580
1741
580
581
580
580
580
581
580
580
580
644
580
580
580
581
580
592
737
580
580
581
580
580
580
581
580
580
580
581
580
580
580
581
580
580
580
581
580
580
580
581
580
580
581
643
580
580
581
580
580
1104
736
1802
2128
1519
2055
1048
581
580
580
580
581
580
580
580
580
581
580
580
580
581
580
580
580
581
580
580
580
580
581
580
580
634
581
592
736
581
580
679
581
580
580
580
580
581
580
580
580
581
580
580
580
581
148
148
144
580
581
580
580
1358
1049
580
580
580
581
580
580
580
580
581
580
580
580
581
580
580
580
611
736
580
581
580
580
580
1173
1329
736
580
581
580
580
580
581
580
619
736
580
581
580
580
580
580
581
580
7671
1429
580
581
580
580
580
581
580
580
580
581
580
580
611
736
580
580
581
626
93
736
580
611
736
580
611
766
1079
2028
1048
610
737
580
580
580
581
580
580
580
581
580
580
581
580
580
611
736
580
611
736
580
580
581
580
580
580
581
580
580
581
580
580
580
581
580
580
580
581
580
580
593
736
580
580
581
580
580
2015
736
581
808
1513
1762
1975
1096
2002
1980
580
580
602
736
619
736
580
580
581
580
580
580
580
581
580
580
580
580
593
736
581
580
580
580
580
888
736
580
581
610
736
580
581
580
580
580
581
580
580
580
581
580
580
580
602
736
580
581
580
580
581
580
580
580
581
580
580
580
581
580
580
580
581
580
580
580
580
581
580
611
736
580
580
580
581
580
580
580
580
9336
581
580
580
580
581
580
580
580
581
580
580
580
581
580
580
580
611
736
580
581
580
580
580
581
580
580
580
581
580
610
1706
1473
2631
1049
580
580
835
736
581
580
580
580
581
580
580
580
580
581
580
580
581
580
610
736
580
581
580
610
737
580
580
580
581
580
580
580
581
580
580
580
610
91335
737
580
580
580
580
581
580
580
580
581
580
580
580
581
580
580
580
580
581
580
580
581
592
736
581
580
580
580
581
580
602
736
610
736
581
580
580
602
736
580
580
581
580
580
580
581
580
580
602
736
580
580
581
580
580
580
580
581
580
580
580
581
580
580
580
602
736
602
736
602
736
610
736
580
580
581
580
580
580
581
580
580
580
620
736
580
581
580
580
580
581
580
610
737
580
619
736
581
580
580
580
581
601
736
1404
1048
580
581
580
580
580
581
580
580
581
580
580
580
581
580
580
580
581
618
737
580
2400
736
580
580
1193
737
580
610
736
580
581
580
580
580
581
580
580
580
581
580
1102
580
580
581
601
736
581
619
736
581
8534
580
581
580
580
581
580
610
737
580
580
580
611
736
580
602
736
580
620
736
580
580
581
580
601
737
580
580
593
736
580
580
581
580
580
580
580
581
580
580
580
580
581
580
580
580
580
581
580
580
610
736
580
593
736
580
581
580
580
580
580
620
736
580
580
581
580
580
580
580
581
580
580
602
736
580
580
581
580
580
580
580
580
581
580
620
736
580
580
580
581
580
580
580
580
581
580
580
1173
736
580
581
580
580
580
581
580
580
581
580
580
580
581
580
601
736
619
736
581
580
580
580
4254
736
2594
736
580
581
580
580
580
580
581
580
580
581
580
804
581
580
593
736
580
580
581
580
602
736
610
736
581
580
580
580
581
580
580
580
581
580
580
611
736
580
580
581
580
580
602
736
580
580
581
580
580
580
9471
580
580
581
580
580
619
736
581
580
580
581
580
580
581
580
580
580
581
580
580
580
581
580
580
580
581
580
580
580
602
736
593
736
580
580
580
581
580
580
580
581
580
580
580
581
580
580
581
601
736
620
736
593
736
580
580
581
580
580
580
581
580
580
602
736
580
580
580
581
580
580
580
581
619
736
581
580
580
580
580
581
580
580
580
581
580
580
580
602
736
580
581
580
580
580
581
580
580
593
736
580
581
580
580
580
862
737
580
1105
737
2336
1078
580
581
580
580
580
1387
1048
580
580
580
581
580
580
580
581
580
602
736
580
580
580
581
580
580
581
580
592
737
580
580
580
581
580
580
580
581
580
580
581
580
580
580
581
592
736
581
580
580
580
611
736
580
581
580
619
736
580
581
580
580
580
581
619
736
580
8525
580
581
601
736
581
580
580
580
580
581
592
737
580
580
611
736
580
580
580
581
580
580
580
581
580
580
580
581
580
580
580
581
580
580
580
581
580
580
611
736
580
581
580
580
580
581
580
580
580
581
580
580
580
581
580
580
580
581
580
580
620
736
580
580
581
580
580
593
736
580
581
580
580
580
1882
2526
2909
2307
1049
580
581
580
580
602
736
580
580
581
580
580
580
581
580
580
611
736
580
580
581
580
601
737
580
580
580
581
580
580
580
581
580
580
580
581
580
580
580
581
580
580
580
581
580
580
580
581
592
737
1172
737
36722
580
593
736
580
581
580
580
581
610
736
580
1263
736
580
593
736
580
581
580
580
611
736
580
580
581
580
610
737
1104
737
580
580
1231
1993
1048
581
580
580
580
580
581
580
580
581
580
580
580
580
725
580
580
580
581
580
580
580
581
580
580
580
619
737
580
580
580
580
610
736
581
580
602
736
580
619
736
620
736
580
602
736
580
581
580
580
580
581
580
601
736
581
601
736
581
580
580
580
581
580
580
580
581
618
736
581
580
580
580
580
581
580
580
580
580
581
580
1413
1048
580
611
736
580
581
580
580
580
581
580
580
580
581
580
580
580
581
580
580
581
580
580
581
580
580
580
619
736
581
580
580
580
581
580
580
580
581
580
580
580
581
580
9295
1172
737
580
580
620
736
580
593
736
4345
736
580
581
580
1447
736
580
581
601
736
619
736
592
737
580
580
581
610
736
593
736
996
580
601
737
580
580
581
580
580
580
581
580
580
581
580
580
580
581
580
580
580
610
736
580
581
580
580
580
581
580
580
580
581
580
580
580
581
580
580
580
581
580
580
580
581
580
580
581
580
625
581
580
580
581
580
580
580
581
580
580
580
581
580
580
593
736
580
580
581
580
580
580
581
580
580
580
581
580
601
737
580
592
737
580
580
580
580
620
736
580
581
580
580
580
581
1385
1048
580
581
619
736
580
581
580
580
580
580
581
580
580
580
581
580
580
580
581
580
580
580
581
580
592
737
580
580
580
581
580
593
736
580
580
580
581
580
580
593
736
580
581
580
580
580
827
736
580
845
736
8614
580
580
581
580
580
580
1075
581
580
580
581
580
580
580
581
580
580
580
581
592
767
1123
2011
1048
580
611
736
581
580
581
619
783
1049
580
580
580
581
580
580
580
580
581
580
580
580
581
580
580
593
736
580
580
581
580
580
619
736
581
610
736
580
581
580
580
581
580
580
580
581
580
580
581
580
580
580
580
581
580
580
580
581
580
619
737
580
580
580
580
581
580
601
737
580
580
1173
736
580
581
580
580
580
581
580
580
580
581
592
737
580
580
580
580
581
580
611
736
580
580
580
581
580
580
580
581
580
580
580
580
581
580
580
580
581
580
602
736
826
736
581
580
601
736
580
580
581
580
580
580
581
601
736
581
592
737
580
580
580
581
580
7471
736
580
9291
580
580
580
581
580
580
580
581
580
580
580
602
736
580
580
581
580
580
580
581
580
610
737
580
580
580
581
601
737
580
580
580
580
581
580
580
1227
736
580
580
581
580
580
580
593
736
580
580
581
580
580
581
580
580
580
580
581
580
619
736
580
581
580
580
580
581
580
580
580
581
580
580
580
602
736
580
581
580
580
580
581
3697
737
580
580
580
580
581
580
580
580
611
736
580
581
580
580
580
581
580
580
580
581
580
580
580
581
601
736
581
580
580
1191
736
580
581
580
580
580
581
580
580
619
736
581
1770
736
581
754
736
1204
736
593
736
580
580
581
580
580
581
1021
580
580
581
580
580
580
581
580
580
580
581
580
580
580
581
580
580
580
581
580
580
580
581
580
619
737
580
580
580
581
580
580
580
9304
580
580
580
580
581
580
580
580
581
580
580
580
581
580
580
581
592
736
581
580
580
611
736
580
580
581
580
580
580
581
580
580
580
581
580
592
737
580
580
580
1173
736
581
580
580
580
581
580
580
611
736
580
580
602
736
611
736
580
580
581
580
610
737
580
580
593
736
580
580
581
580
580
580
593
736
580
581
580
580
580
581
580
580
580
581
580
580
580
581
580
580
580
581
580
601
736
581
580
580
611
736
580
1562
736
580
1520
1295
1048
580
580
581
580
580
611
736
849
581
580
580
581
580
580
580
581
580
611
736
580
580
581
580
580
580
581
580
580
580
602
736
1200
736
580
581
580
580
580
602
736
593
736
611
757
1049
610
736
580
581
580
580
581
601
776
1105
1980
581
580
580
580
620
9718
736
580
580
581
580
580
580
581
592
736
581
580
580
580
581
580
580
602
736
580
580
581
580
580
580
581
619
736
580
581
580
580
580
581
580
580
581
580
580
580
580
581
619
737
580
580
580
581
580
619
737
580
580
580
581
580
580
620
736
580
580
581
580
620
736
580
580
581
580
580
580
581
580
580
581
580
580
580
581
580
610
737
95614
580
581
580
620
736
1282
1253
1048
580
611
736
580
593
736
580
580
581
580
580
593
925
580
580
581
580
610
736
620
793
1048
581
580
611
811
1048
610
736
581
580
611
736
580
610
737
601
737
580
580
580
581
580
580
619
737
580
580
581
580
619
736
580
581
580
580
580
581
580
580
580
144
145
580
592
737
580
580
580
580
581
580
580
580
581
580
580
580
581
580
580
580
581
580
580
580
580
580
580
895
736
610
736
580
593
736
593
736
580
580
581
580
580
580
581
580
580
580
581
580
592
737
580
580
580
581
580
580
580
581
580
580
580
1191
845
4365
4269
736
580
580
581
580
580
580
581
580
580
580
2495
737
3840
736
581
580
580
580
581
580
580
580
581
580
580
580
581
580
592
737
580
580
601
737
580
580
977
580
580
580
581
580
580
580
581
580
580
580
581
580
580
580
581
580
580
580
581
580
580
580
611
736
580
611
736
580
581
619
736
581
580
580
580
581
580
580
620
736
580
581
580
580
580
581
580
610
736
620
767
1048
581
580
580
581
610
736
581
580
611
736
620
736
601
737
580
580
602
736
580
580
581
580
580
580
581
580
580
580
581
580
580
580
581
754
736
581
580
580
580
581
580
580
580
581
580
580
580
581
580
1412
1048
602
736
610
737
580
580
602
736
580
580
581
580
580
581
580
580
580
593
736
580
581
580
580
9188
580
580
580
581
580
610
736
602
736
580
580
581
580
620
736
580
580
580
581
580
580
593
1275
580
581
580
580
602
736
580
580
581
580
580
580
580
581
580
611
736
580
602
736
619
737
580
580
580
581
619
736
581
580
580
580
581
601
736
581
1172
737
580
580
581
580
580
580
581
580
580
580
581
580
580
611
736
580
580
581
580
580
580
581
580
580
580
581
580
580
602
736
580
580
580
581
580
580
593
736
580
580
581
580
580
593
736
580
580
581
580
580
580
580
611
736
581
601
736
602
736
580
593
736
580
581
580
580
580
602
736
580
554
645
737
580
580
611
736
580
580
580
581
580
580
580
581
580
580
1359
1048
581
580
580
580
581
580
580
581
610
736
580
581
580
580
580
581
580
580
580
581
580
1939
2560
1049
580
9368
611
736
580
593
736
580
581
580
580
580
581
580
580
581
580
580
580
581
580
580
593
736
580
580
580
581
580
580
580
581
580
580
580
581
601
736
581
580
580
580
581
580
580
580
581
580
580
580
581
580
580
580
580
581
580
580
581
580
580
580
581
580
625
581
580
580
580
611
736
580
709
736
602
736
580
580
581
580
580
581
580
580
580
581
580
580
581
1199
737
619
736
580
580
581
580
580
619
737
580
580
580
611
736
580
581
580
580
620
736
580
580
581
580
580
580
581
580
580
580
581
580
580
580
580
581
580
580
581
580
580
580
581
618
1358
1049
580
3403
736
581
580
619
736
580
581
580
580
580
581
1093
580
580
581
610
736
581
580
580
580
602
736
593
736
580
581
580
580
580
581
580
580
580
581
580
580
38126
580
581
580
611
736
580
581
580
580
580
581
580
580
580
581
580
580
580
580
610
736
581
580
580
580
581
580
580
580
581
580
580
620
736
580
580
581
580
580
580
580
581
580
580
580
602
736
580
602
736
580
620
1616
1409
1981
580
580
580
581
610
736
581
580
601
737
580
610
737
580
580
620
736
580
580
581
724
580
580
580
581
580
580
580
581
580
580
580
581
592
736
581
580
580
580
581
1403
1048
581
580
580
580
580
610
736
580
581
580
619
737
580
580
580
581
580
610
737
580
580
580
581
592
736
581
580
580
580
580
581
580
580
580
581
580
580
8675
628
737
580
580
581
580
580
580
581
610
736
581
580
580
602
736
580
580
581
580
580
580
581
580
580
580
580
581
580
580
580
580
581
580
580
580
581
580
580
580
593
736
580
581
580
580
580
580
580
620
736
580
580
580
581
580
580
580
581
580
580
580
581
580
580
581
580
580
580
581
580
580
580
580
581
580
580
4329
934
736
979
736
601
737
619
736
581
580
706
581
580
580
580
581
580
619
736
581
580
580
580
581
580
580
580
581
580
580
580
580
581
580
580
580
581
580
580
619
736
580
580
581
580
580
580
602
736
580
581
580
580
580
581
580
1394
1048
581
580
580
580
593
736
580
581
580
580
580
602
736
580
580
602
736
580
580
581
580
580
580
580
581
580
580
580
580
581
580
580
580
581
580
580
580
581
580
618
736
8499
580
580
593
736
580
581
580
580
593
736
592
736
581
580
580
580
602
736
602
736
593
736
580
580
580
581
580
580
580
581
580
580
580
581
580
580
580
580
581
580
580
580
611
736
580
581
580
1283
1135
1048
580
580
580
581
580
619
736
620
736
580
581
580
967
580
581
580
580
580
581
580
580
580
581
580
580
602
736
592
737
580
580
580
581
580
1191
736
580
602
736
619
737
580
580
580
581
580
580
580
593
736
580
580
581
601
736
580
611
736
580
602
736
581
580
580
580
581
580
580
580
581
580
602
736
580
620
736
580
580
580
581
580
580
580
581
580
580
580
581
580
580
580
581
580
580
580
581
592
736
1200
736
580
581
580
580
580
580
581
580
580
611
736
581
580
580
593
736
593
736
581
580
580
602
736
601
758
1048
580
580
9348
580
580
620
736
580
580
581
580
580
581
580
580
619
737
580
580
580
580
593
736
580
581
580
580
581
580
601
737
601
736
581
580
580
581
7878
580
580
580
581
580
580
581
580
1182
736
580
580
581
592
736
581
580
580
581
580
592
736
581
580
580
580
581
580
580
620
1329
736
580
602
736
580
580
620
736
580
580
580
581
580
580
580
581
580
580
580
581
580
580
580
581
580
580
611
736
580
581
580
580
580
581
580
580
581
580
580
580
581
580
620
736
580
580
580
581
817
736
580
580
580
581
2321
580
580
580
581
580
580
581
580
1412
1048
580
581
580
580
580
581
580
580
580
593
736
580
581
580
580
580
593
736
580
581
580
580
580
611
736
580
581
580
602
736
580
593
736
580
580
581
580
580
619
9856
1048
580
580
581
580
602
736
601
737
592
736
581
580
580
580
581
580
619
737
580
580
602
736
580
580
611
736
581
580
580
580
581
580
580
580
581
580
580
580
581
580
580
580
581
601
736
581
580
580
580
580
581
580
580
144
145
580
628
736
581
580
580
581
580
580
610
736
580
593
736
580
580
581
580
580
424
437
580
424
455
580
424
425
517
580
425
424
632
580
424
424
446
580
424
425
424
424
454
581
445
580
446
580
424
425
424
440
74
637
736
425
424
424
424
425
424
436
581
424
424
424
446
580
455
580
446
580
424
425
424
424
424
425
454
580
425
424
424
455
580
424
425
424
424
424
425
436
581
424
424
455
1259
580
425
424
424
463
580
425
424
424
424
425
424
463
581
868
580
733
3350
736
424
437
580
424
425
436
580
425
424
580
602
736
580
580
580
581
580
805
581
580
580
620
736
580
580
581
580
580
580
619
736
580
581
580
580
602
736
610
8580
737
580
552
2554
1980
581
580
580
580
580
581
580
580
611
736
580
580
580
620
736
580
581
580
580
580
581
580
580
580
580
581
580
580
580
580
581
580
592
737
580
580
580
581
580
580
580
581
580
580
580
580
581
580
580
580
581
580
580
580
581
580
580
610
737
580
580
611
91202
736
581
580
580
580
719
736
580
580
647
736
580
581
580
580
580
581
580
580
581
580
580
580
581
580
580
580
619
736
580
581
619
736
581
580
580
580
581
592
737
580
580
580
581
580
592
737
580
580
580
581
580
580
580
581
580
580
580
580
581
580
580
580
593
736
580
581
580
580
2968
736
580
580
1619
736
580
581
580
580
580
581
580
580
580
581
580
580
580
581
580
580
580
581
580
580
580
581
580
580
580
581
911
580
619
736
580
581
580
619
736
656
736
580
580
581
580
580
581
655
736
581
601
736
581
580
580
580
581
580
580
580
581
592
737
580
581
580
593
810
1048
581
580
580
580
581
580
580
581
580
580
8551
580
601
737
580
737
766
1275
1981
580
580
580
581
580
580
581
580
580
580
602
736
581
610
736
581
580
581
592
1979
1980
580
580
581
580
580
580
581
580
580
580
581
580
580
7615
736
581
601
736
581
580
580
580
581
580
1262
737
580
580
580
581
580
580
580
581
1032
737
580
580
580
581
580
580
580
581
580
580
580
580
581
580
601
736
593
736
580
581
580
580
619
736
580
581
580
580
580
580
581
601
736
581
580
580
580
581
580
580
580
1377
1048
580
581
580
580
580
581
580
580
580
581
1190
736
581
580
580
580
580
611
736
580
581
580
580
580
581
580
580
580
581
682
736
581
580
580
580
580
581
580
580
580
745
736
581
580
580
611
736
619
8640
736
580
581
580
580
581
580
580
580
581
580
580
580
581
601
736
593
736
581
580
580
580
593
736
620
736
581
580
2443
737
880
1072
1048
580
581
580
580
581
580
601
875
1048
580
580
581
580
580
581
610
736
581
580
580
631
580
581
580
619
737
580
580
580
581
580
580
580
581
580
580
580
580
581
580
580
580
581
580
580
580
580
611
736
580
581
580
580
580
581
580
580
580
581
580
580
580
581
580
580
580
581
592
736
141
204
140
296
580
581
580
593
736
580
580
581
580
601
736
581
619
737
580
580
580
581
580
601
737
580
580
580
581
580
580
580
581
580
1377
1048
581
580
580
580
581
580
580
602
736
580
580
581
580
580
580
580
581
580
580
580
581
580
580
1199
737
580
580
580
581
580
580
580
580
581
580
580
580
581
580
580
902
465
540
422
491
1465
5320
580
580
580
580
581
580
580
580
580
581
592
736
581
580
580
580
581
825
2218
1048
581
580
580
581
580
580
580
680
580
580
581
580
580
581
580
580
580
581
580
580
580
581
580
580
580
581
580
580
619
737
580
580
580
581
580
601
737
580
580
580
580
581
580
580
580
602
736
580
581
580
580
580
581
580
580
593
736
580
580
581
580
580
580
620
736
580
580
580
580
581
580
580
580
581
580
580
580
580
581
580
580
580
581
580
580
580
602
736
581
580
580
580
580
581
580
664
737
580
580
611
736
580
580
620
736
580
580
580
581
580
580
878
737
580
580
580
581
580
580
580
581
580
580
580
581
580
580
580
581
580
580
580
581
580
580
580
581
580
593
736
580
580
581
580
580
580
593
736
580
581
580
1177
737
580
580
772
736
581
580
610
737
580
580
8649
580
580
580
602
736
580
581
610
737
580
1190
737
580
592
737
580
580
580
580
580
581
580
580
580
581
580
580
580
580
581
580
580
580
580
581
610
736
581
580
580
611
736
580
580
581
580
580
580
581
580
580
580
602
736
620
736
580
580
581
580
580
593
736
580
580
581
580
580
602
736
619
737
580
580
580
581
580
602
736
580
580
581
580
580
580
581
580
580
581
580
580
580
580
581
580
580
580
580
581
1182
736
580
580
581
610
736
580
580
620
736
580
581
580
580
580
580
581
580
580
580
581
580
580
620
736
580
580
580
581
580
595
2285
736
581
580
1069
1795
1048
581
619
736
581
580
580
580
581
580
602
736
593
736
580
581
580
581
580
751
580
581
619
736
581
618
737
580
204
580
581
618
736
581
580
580
581
580
580
781
35536
580
580
580
580
581
618
737
580
580
581
580
580
602
736
610
736
581
580
580
593
736
580
581
580
580
580
610
736
580
580
593
736
580
581
580
580
580
581
580
580
580
581
580
580
580
602
736
580
580
581
580
580
580
580
581
580
580
580
580
581
580
580
580
580
581
580
580
580
581
580
611
736
580
580
593
736
580
580
581
580
580
580
581
580
593
736
8125
736
610
736
581
580
593
736
580
580
580
581
580
593
736
580
580
620
736
611
736
580
580
581
580
593
736
580
580
581
580
580
611
736
580
580
580
581
580
580
580
581
580
580
580
581
601
9549
737
580
593
736
580
580
580
581
580
580
580
593
736
580
581
580
580
619
736
580
581
580
580
580
581
580
580
580
580
581
580
580
580
581
580
580
580
581
580
580
580
580
581
580
580
643
581
580
580
580
581
580
580
580
581
580
580
580
581
580
580
580
581
580
580
580
581
580
580
580
581
580
580
626
716
327
736
1889
736
580
580
1411
737
592
736
580
581
580
580
581
580
580
580
581
580
580
611
580
580
581
580
580
580
593
736
580
581
610
736
580
581
580
580
580
620
736
580
581
580
580
580
580
580
581
580
580
580
581
580
877
736
581
580
144
580
580
581
580
580
580
581
580
592
737
580
580
580
580
581
592
736
580
581
580
580
580
581
580
580
580
581
580
580
580
593
736
580
581
580
580
580
581
580
1182
736
580
580
581
580
7562
2041
580
580
580
581
592
736
581
580
580
581
592
736
581
580
580
580
581
580
580
581
1181
737
580
580
580
581
580
615
74
736
593
736
580
580
581
580
580
580
581
580
580
580
581
580
580
1281
4066
1048
581
580
580
580
581
619
736
581
580
580
580
581
610
736
581
580
580
580
581
580
580
580
1076
580
580
580
581
610
737
580
580
581
580
593
736
204
593
736
580
581
610
784
1048
580
581
580
580
580
580
581
580
580
580
581
580
580
580
611
736
580
580
581
580
619
736
580
580
887
737
580
580
580
581
580
593
736
580
580
581
580
580
580
581
580
580
580
581
592
737
580
580
580
581
580
580
580
602
736
602
736
580
580
581
580
580
580
581
601
736
657
83
737
580
580
580
581
619
736
581
580
8533
580
580
581
580
601
736
581
580
580
580
581
580
601
737
580
580
580
580
581
1078
1693
1048
581
580
580
580
581
580
580
580
580
581
580
580
581
1015
736
580
580
581
619
736
580
580
626
580
580
581
580
580
580
581
618
737
580
580
580
580
580
619
736
581
580
580
580
581
580
580
580
581
580
580
580
1182
736
581
580
580
580
581
580
580
611
736
580
580
580
581
580
580
580
581
580
580
580
581
580
580
580
580
581
580
580
581
580
580
580
581
580
580
625
580
580
581
580
580
611
736
580
620
736
580
581
580
580
580
581
580
601
737
816
737
580
580
580
580
581
580
580
593
736
580
581
580
580
601
736
580
581
580
580
580
581
580
580
580
581
580
580
580
581
580
610
736
580
580
581
580
610
737
580
580
593
736
580
580
581
580
592
9840
736
619
736
580
581
580
580
602
736
601
737
580
610
737
553
619
737
580
1146
581
580
580
580
580
581
580
580
580
581
580
580
580
581
580
580
581
580
580
592
737
580
580
580
581
580
580
580
611
736
580
581
580
580
581
580
580
580
581
610
736
581
580
580
593
736
580
580
581
580
593
736
580
580
581
580
580
580
581
92635
602
736
581
601
811
1048
580
580
581
592
736
581
580
580
593
736
592
737
580
580
580
580
581
580
580
580
581
580
580
580
580
581
580
580
580
581
580
580
580
580
581
580
580
580
617
580
581
601
1338
736
620
736
619
736
580
580
602
736
580
581
580
580
580
581
580
580
580
593
736
580
580
581
580
580
580
580
581
580
580
580
581
140
580
580
581
580
580
580
611
736
580
581
580
580
602
736
580
580
581
580
580
580
2612
736
1882
1369
1048
580
581
580
580
580
581
580
580
580
581
580
580
580
581
580
760
580
580
580
581
580
580
581
580
580
580
580
581
610
736
581
580
580
611
9430
736
580
581
580
580
580
581
580
580
581
592
736
580
581
580
580
593
736
580
580
581
580
580
602
736
580
580
602
736
581
580
580
580
581
580
580
580
581
580
580
580
581
580
580
580
611
736
580
593
736
580
580
581
580
580
580
602
736
610
736
581
580
580
580
581
580
580
580
581
580
580
580
4537
1048
580
581
580
596
101
736
580
580
581
580
296
580
581
580
580
593
736
580
580
581
580
580
581
580
592
737
580
602
736
580
593
736
580
581
580
580
580
581
580
580
580
581
580
580
580
581
580
580
620
1527
1048
4387
757
1048
601
736
581
580
619
737
580
580
581
580
580
581
601
737
580
602
736
580
581
580
580
611
736
581
580
580
581
619
93
736
580
581
610
792
1048
581
580
580
580
580
9182
580
580
581
580
580
580
580
581
580
580
580
581
610
736
581
580
610
737
580
592
737
580
580
580
580
581
580
619
736
581
580
580
580
581
592
736
581
580
580
580
611
736
581
580
580
580
581
580
601
737
601
736
581
580
580
581
580
580
580
581
580
580
580
581
580
580
580
581
580
580
580
581
580
580
619
736
580
581
204
580
580
581
580
580
580
580
581
580
580
580
581
610
736
755
736
580
4604
736
581
580
602
736
580
580
619
736
580
581
601
736
581
580
580
580
581
580
580
580
580
581
580
580
580
581
580
580
580
581
580
580
580
581
580
580
580
580
611
736
580
580
601
876
1048
581
580
580
580
581
610
736
602
737
580
580
593
736
593
736
619
736
593
736
581
619
736
580
580
593
736
580
580
580
581
580
601
737
580
580
580
581
8975
580
580
580
581
580
602
736
580
611
736
580
580
580
580
581
580
580
580
581
580
601
737
601
736
581
580
580
580
581
580
580
593
736
580
580
580
581
580
580
580
611
736
580
5645
736
580
581
580
592
737
580
580
580
581
580
580
581
580
580
580
716
580
580
581
580
580
593
736
580
580
580
581
580
610
737
580
580
611
736
580
580
611
736
580
581
580
580
580
581
580
580
581
580
619
736
581
580
580
580
581
580
580
580
581
580
580
580
581
619
736
580
581
580
580
580
581
592
736
581
580
580
581
580
580
1377
1049
580
580
581
580
601
737
580
580
580
581
580
602
736
580
580
580
581
580
580
581
610
736
580
581
580
580
580
581
580
580
581
580
580
580
580
581
580
580
581
580
580
580
9067
736
580
581
580
580
580
620
736
580
580
581
580
580
580
593
736
580
580
581
580
580
580
581
580
580
580
580
581
580
580
593
736
580
580
581
580
580
580
581
580
580
581
580
580
580
581
4355
736
580
1976
737
580
580
580
581
580
580
580
581
580
580
580
581
580
580
611
736
580
580
611
736
580
581
580
619
737
580
580
580
581
580
592
737
580
580
580
581
580
580
580
581
592
737
580
580
580
580
141
140
140
156
580
581
610
736
580
581
601
736
581
580
580
581
580
610
736
580
580
581
580
580
580
620
736
580
580
581
592
737
580
580
580
581
580
580
580
581
580
580
580
581
580
580
580
581
939
736
581
580
580
580
580
581
580
580
581
592
736
580
581
580
580
592
102
736
580
580
580
581
580
580
593
736
580
580
580
581
580
580
581
580
580
580
581
580
580
580
593
1065
8021
736
581
580
580
580
581
580
581
580
580
580
581
580
580
580
581
580
580
580
580
581
580
1712
736
593
736
580
581
580
580
580
581
580
619
736
580
581
580
592
737
580
580
580
581
580
580
580
581
580
580
580
581
580
580
593
736
580
581
580
580
580
581
580
580
580
581
619
736
581
580
580
580
581
580
580
580
581
610
736
581
580
580
580
581
580
581
580
593
736
580
602
736
620
736
581
601
737
610
736
581
592
736
580
581
580
580
581
580
1160
2322
580
1741
580
580
580
581
610
736
581
580
580
581
580
580
580
581
580
580
580
1404
1048
611
736
580
581
580
580
580
581
580
580
580
580
1173
736
581
580
580
580
580
602
736
620
736
580
580
581
580
580
581
580
580
580
581
580
580
580
7334
2161
778
580
580
581
580
580
611
736
580
580
602
736
580
581
580
580
580
581
580
580
580
581
580
144
619
736
581
580
580
602
736
580
581
580
580
580
581
580
580
580
581
580
580
580
581
580
580
580
581
580
580
580
581
580
580
580
581
601
736
581
580
580
580
581
580
580
580
581
580
580
144
602
736
581
580
580
580
580
581
580
580
580
581
580
580
581
580
580
31020
646
737
580
580
580
581
580
580
602
736
580
619
736
581
580
580
661
580
581
580
1182
736
580
580
581
580
619
736
580
581
580
592
737
580
580
580
581
580
580
580
581
580
580
580
581
580
580
674
736
580
581
580
9040
580
580
620
736
580
581
580
580
580
581
580
580
580
581
580
580
580
581
580
580
580
581
580
580
580
593
736
580
581
580
580
580
581
580
580
580
581
580
580
580
581
601
736
581
580
580
580
581
580
580
580
593
736
581
580
580
580
581
580
580
580
581
580
580
581
580
580
580
580
581
580
580
580
581
580
580
580
581
580
616
580
580
581
580
580
610
736
580
580
581
580
580
580
581
580
580
580
602
736
1387
5631
1048
580
581
580
580
580
581
580
997
736
580
581
580
580
580
581
580
580
580
581
580
580
580
581
580
580
580
581
580
580
580
581
580
580
580
580
145
912
580
581
580
580
580
581
580
580
580
581
580
580
580
620
736
581
580
580
580
581
601
736
581
580
580
580
581
580
580
580
581
580
580
580
581
580
8921
580
580
581
580
580
580
593
736
581
580
580
580
581
580
580
580
581
580
580
580
581
619
793
1049
580
601
737
580
593
736
580
581
580
592
737
580
580
581
580
580
580
581
580
580
580
581
580
580
580
581
580
580
580
581
580
580
580
580
581
580
610
736
581
580
620
736
1718
736
580
581
580
1096
736
580
581
580
580
580
581
601
736
581
580
580
581
580
580
580
581
580
655
737
592
736
581
580
144
148
580
581
580
580
580
581
580
580
580
581
580
1039
580
581
601
736
580
581
580
580
581
580
592
737
580
580
580
581
580
580
1672
1049
580
580
580
581
580
580
601
736
581
580
580
580
581
580
613
101
736
581
580
580
580
580
581
580
580
581
580
580
580
581
580
580
581
580
580
581
580
580
580
581
580
580
580
617
580
8938
580
580
581
580
611
736
580
580
580
581
580
611
736
580
611
736
580
580
611
736
580
580
581
601
736
602
736
580
581
580
580
580
581
580
580
602
736
1173
736
580
581
580
580
580
581
580
580
580
581
580
580
581
601
736
602
736
580
581
580
580
580
581
580
610
736
581
580
580
580
581
1115
736
581
580
580
580
581
580
580
580
90942
580
580
581
580
580
581
580
580
580
859
580
580
620
736
580
581
580
580
580
581
580
580
580
581
580
580
581
580
580
602
736
580
580
581
580
580
581
580
580
580
580
581
580
580
580
581
619
736
581
580
580
580
581
580
592
736
581
580
580
580
593
736
580
580
580
581
580
580
580
581
580
580
580
581
580
580
580
581
580
580
580
581
580
580
610
736
580
620
736
580
581
580
580
580
580
581
580
580
580
581
580
580
580
602
736
580
1431
1049
580
580
581
580
580
580
580
593
736
581
580
580
580
581
619
736
611
749
1087
2019
1049
619
437
655
736
464
637
736
424
888
1016
736
424
1909
10079
736
424
437
580
425
424
424
445
580
424
425
424
424
464
580
595
424
424
455
580
424
425
424
424
424
425
436
580
425
436
581
424
424
424
473
593
736
424
424
425
436
580
425
424
437
580
424
424
463
580
424
424
425
436
580
425
424
424
424
425
424
436
581
424
424
424
424
425
424
424
464
580
424
424
455
580
580
611
736
580
581
580
580
580
580
581
580
580
580
581
580
580
580
581
580
580
580
581
580
580
580
581
580
144
580
580
644
580
580
580
581
580
580
611
736
580
581
580
580
602
736
580
580
581
580
580
581
580
592
737
580
580
580
593
736
580
581
580
580
581
580
580
611
736
580
581
580
580
593
736
580
580
581
580
580
593
736
580
581
1181
737
580
580
580
581
580
580
581
580
580
580
580
580
581
580
580
580
581
580
580
580
580
581
580
580
580
581
4226
736
580
580
581
580
1167
736
581
580
580
581
580
580
9311
637
736
580
581
580
580
593
736
580
580
581
580
619
737
580
580
580
581
580
592
737
580
580
619
736
581
580
580
580
581
580
580
593
736
602
736
602
802
1048
581
580
580
580
581
580
619
736
580
580
581
580
580
602
736
580
580
581
580
580
580
593
736
580
581
580
580
581
580
581
610
736
581
580
580
611
736
580
581
580
580
581
602
736
602
736
580
593
736
580
581
592
737
601
736
601
737
580
581
580
581
580
592
737
580
601
793
1048
580
581
601
737
580
592
737
1160
581
580
581
580
610
6962
1049
580
619
737
1074
581
618
737
618
737
144
140
580
581
580
580
610
736
580
581
619
736
581
580
580
593
766
1049
580
580
580
581
580
619
736
580
580
580
581
601
736
581
601
737
3491
5072
580
581
601
736
581
580
619
737
580
581
580
580
602
811
1048
580
581
610
737
580
580
581
580
619
737
580
580
602
736
580
581
580
610
736
580
581
580
580
602
736
580
580
581
580
580
581
580
580
580
580
581
580
580
580
581
580
580
580
580
581
580
580
580
581
580
580
643
580
581
580
580
581
580
580
580
581
580
580
581
580
580
580
581
580
580
580
581
580
581
580
580
581
592
737
580
3321
4026
1048
581
580
580
580
581
580
841
580
580
581
580
580
580
581
580
580
580
581
580
580
580
1360
1048
580
580
581
580
580
580
581
580
580
580
581
580
580
580
581
580
580
580
581
580
580
580
581
580
580
625
580
580
581
580
580
581
580
610
737
580
580
580
581
580
580
581
580
580
580
581
580
580
580
580
581
580
8974
580
580
581
580
580
580
581
580
580
580
1182
736
593
736
580
581
580
580
580
593
736
580
581
592
736
619
736
581
580
580
580
581
580
580
580
580
581
580
601
737
580
610
737
580
580
580
620
736
580
581
580
580
580
580
620
736
580
581
580
580
580
581
580
580
580
580
581
1623
736
1337
736
581
580
580
593
736
580
580
581
580
592
991
580
580
580
581
580
580
580
581
580
580
580
581
580
580
581
580
580
580
581
580
580
580
581
580
580
581
580
625
580
581
580
580
592
737
580
580
581
580
580
580
554
1110
1048
580
580
611
736
580
581
580
601
737
580
580
580
581
580
611
736
580
580
581
580
580
580
581
580
580
580
581
580
580
581
592
736
581
580
580
580
581
580
580
580
581
580
580
580
581
580
580
580
581
580
580
580
581
580
580
602
736
580
620
736
580
581
9282
581
619
736
580
580
581
580
580
611
736
580
580
620
736
580
581
580
580
580
581
580
580
580
2321
1567
1932
1753
1980
580
581
580
580
580
581
580
580
580
1066
637
737
580
580
611
736
580
580
581
580
580
581
580
580
580
581
580
580
580
581
580
580
580
581
580
580
580
581
580
580
580
580
635
592
736
581
580
580
580
581
580
580
580
581
580
580
581
580
580
580
593
736
580
581
580
580
580
581
580
580
580
581
580
580
580
581
580
580
580
581
610
736
580
580
581
580
580
580
580
581
580
580
580
581
580
1376
1049
610
736
581
580
580
580
580
581
580
580
581
580
580
580
581
580
580
580
611
736
580
580
581
580
580
602
736
610
736
581
619
736
580
581
580
580
580
580
581
580
580
580
581
580
580
580
581
580
9583
655
736
610
736
611
736
580
581
580
601
758
1049
580
580
581
1329
737
580
602
736
602
802
1048
581
580
580
580
581
580
580
580
581
580
580
580
581
580
580
581
580
580
580
581
580
580
580
580
581
624
581
580
31438
580
581
580
580
580
580
581
580
601
737
208
580
581
580
580
580
593
736
580
581
1190
736
580
580
611
736
580
581
601
736
580
581
580
808
736
581
580
580
619
736
580
581
580
580
581
610
736
581
580
580
580
581
580
580
580
580
581
580
580
620
3360
1049
8136
3230
736
580
581
580
580
619
737
619
736
580
580
1200
736
581
580
580
1191
736
580
581
580
619
1397
931
1048
611
1355
736
580
581
580
580
580
580
581
580
580
580
581
580
580
580
580
581
580
580
580
581
580
580
580
1182
736
813
876
1048
581
580
580
580
581
580
580
580
581
580
580
580
581
580
1228
145
84
736
580
593
736
580
581
580
580
580
580
581
580
580
580
580
581
580
580
580
581
580
580
619
736
581
580
580
580
581
580
580
580
581
580
580
580
581
580
580
580
580
581
580
580
581
1404
1048
580
580
580
581
580
580
580
593
736
620
736
580
580
581
580
580
580
581
580
580
1199
2013
1949
3106
1597
580
620
736
580
580
581
580
580
580
581
580
580
581
580
580
9235
580
610
736
580
580
581
580
580
580
581
580
580
602
736
580
580
581
580
580
580
581
580
580
580
581
580
580
580
580
581
580
580
592
737
580
580
580
580
581
580
580
580
580
581
580
580
580
581
580
580
580
580
581
580
593
736
580
580
580
581
580
610
737
580
580
611
736
580
580
593
1337
737
580
580
580
1173
736
580
581
580
580
580
580
611
1355
736
580
581
580
580
580
581
580
580
620
736
580
581
580
580
580
620
736
580
581
610
736
581
580
580
580
581
580
580
580
581
580
580
581
580
610
737
580
580
580
1827
1048
1456
736
580
580
1408
581
609
737
580
592
737
580
580
580
580
581
580
611
736
580
581
580
580
602
758
1105
1980
581
580
593
736
580
580
581
580
580
580
581
580
580
9630
580
581
580
580
580
581
580
580
581
580
580
580
581
580
580
580
580
581
580
601
736
581
580
580
580
581
580
580
580
620
736
580
580
580
581
580
580
580
581
580
580
580
580
581
601
736
581
610
736
580
581
580
580
580
580
581
580
580
602
736
619
737
580
580
580
581
580
580
580
581
580
580
580
581
580
580
580
602
736
581
580
91075
580
581
580
580
1199
736
581
580
580
1191
736
610
737
592
736
580
581
580
580
602
736
601
737
580
580
580
580
581
580
619
737
580
580
2404
737
580
580
580
580
581
580
580
580
581
580
580
580
617
655
736
620
736
580
580
581
580
580
580
593
736
580
580
581
580
580
592
737
580
580
580
581
580
592
737
580
580
580
581
580
580
611
736
580
580
581
580
580
580
581
580
580
580
581
580
580
580
580
581
580
580
593
736
1182
736
580
580
580
581
618
737
580
580
580
581
580
580
580
581
580
580
580
581
619
736
580
581
580
580
593
736
580
580
580
581
580
580
580
593
736
580
580
581
580
580
580
580
581
580
580
9456
580
581
580
580
580
580
593
736
611
736
593
736
580
580
581
580
580
611
736
580
580
580
581
580
580
580
580
581
580
580
580
581
580
580
580
580
581
610
736
2930
1615
4407
1980
580
620
736
580
580
581
580
580
580
611
736
580
581
580
602
736
580
580
580
581
580
580
580
581
580
602
736
580
580
619
736
581
592
737
601
736
581
580
580
581
580
581
580
619
737
580
580
580
581
580
580
580
581
580
580
580
581
580
580
580
581
580
580
580
581
580
580
580
602
736
580
581
580
580
580
581
580
580
602
736
808
736
580
580
581
580
580
580
581
580
580
580
581
601
736
611
736
580
580
593
736
580
581
580
580
581
592
736
581
580
580
581
580
580
580
581
580
580
580
581
580
580
611
736
580
580
619
737
580
580
9533
580
581
592
736
645
736
602
736
581
682
736
737
736
592
737
580
580
580
581
580
580
619
736
581
580
1147
602
736
580
620
736
580
581
580
580
580
581
580
580
580
580
581
580
580
581
580
580
580
580
581
580
580
593
736
580
580
581
580
580
581
580
610
737
580
580
602
736
580
580
581
580
580
580
580
581
580
580
581
580
580
580
581
580
664
737
580
580
581
610
736
580
581
580
602
736
580
580
581
580
592
737
592
736
581
580
580
580
580
581
580
602
736
580
580
580
581
580
580
580
580
581
580
580
580
581
580
887
737
610
736
581
580
580
580
581
580
580
580
580
581
580
580
580
602
736
580
580
581
580
580
580
581
580
580
580
580
581
580
580
611
736
581
619
736
581
1569
736
580
580
2203
736
580
9257
629
802
1049
592
736
581
580
580
580
581
580
580
580
581
580
581
580
580
581
610
736
581
592
737
580
581
592
736
581
580
1422
1049
580
593
736
619
736
581
580
580
580
580
581
610
736
581
580
580
602
736
580
581
592
737
580
580
581
580
619
737
580
580
580
581
580
580
593
736
580
581
580
619
710
637
736
581
592
736
580
620
736
580
581
601
736
602
736
593
736
580
602
736
580
581
580
619
737
601
736
602
736
611
736
580
580
593
736
581
580
580
580
593
736
580
581
580
581
580
580
580
620
736
580
581
580
593
736
2990
736
580
3854
737
580
580
580
581
600
736
602
736
580
581
580
580
580
581
580
611
736
580
580
581
976
580
581
580
581
580
580
580
620
736
580
5480
2355
1053
581
580
580
581
610
736
581
580
580
581
580
580
581
580
601
737
580
580
580
581
619
736
602
736
610
736
581
619
737
592
736
581
580
581
618
737
580
581
601
802
1048
581
580
619
736
581
580
580
580
581
580
580
593
736
580
580
581
580
580
580
581
580
580
580
581
580
601
737
601
736
620
736
580
581
580
580
580
593
736
580
581
580
580
580
611
736
580
580
581
580
580
581
580
580
580
581
580
580
580
602
736
611
736
580
580
580
581
580
580
580
580
581
619
2497
1048
700
2709
1048
581
580
580
580
581
580
580
580
1386
1048
580
593
736
1102
580
580
580
581
580
580
580
581
618
736
581
580
580
580
580
581
580
580
580
581
592
736
581
580
580
580
581
580
580
580
581
580
580
580
580
581
592
736
581
580
580
580
581
580
580
580
580
602
9099
736
580
581
580
580
580
580
581
580
580
580
581
580
580
580
581
580
580
611
736
580
580
593
736
581
580
580
580
581
580
592
737
580
580
580
580
581
580
580
580
580
581
580
580
580
581
610
737
580
580
580
581
580
580
580
581
580
580
580
611
736
580
610
737
580
580
580
637
737
580
580
580
580
581
580
580
581
580
580
580
581
580
580
580
581
580
580
581
580
580
580
581
580
580
580
618
736
580
581
580
580
580
581
580
580
580
581
580
588
580
602
736
580
5797
736
580
580
581
580
580
580
580
581
580
580
580
581
580
580
580
580
581
580
580
580
580
1369
1048
580
580
581
580
580
580
602
736
580
580
581
580
580
580
610
736
580
581
592
736
581
580
580
580
581
580
580
580
580
581
619
9131
736
581
580
580
580
580
581
580
580
580
580
581
580
580
602
736
580
580
580
581
580
580
580
611
736
580
580
581
580
580
580
581
580
580
601
737
580
580
580
581
580
580
580
580
581
610
736
581
1441
1855
1048
580
1239
736
580
580
620
736
580
580
581
580
592
737
580
580
580
580
581
580
592
737
580
580
580
581
580
580
967
611
736
580
580
602
736
580
580
581
580
580
580
581
1172
736
581
580
580
580
581
580
580
580
581
580
580
580
581
580
592
737
580
580
619
736
620
736
580
581
580
580
580
620
736
580
580
593
736
801
736
581
580
580
580
580
611
736
580
602
736
580
602
736
580
593
736
580
581
601
737
618
737
592
737
580
619
766
1049
580
580
611
736
580
581
580
580
580
581
592
736
581
580
580
580
581
36628
580
619
1356
736
580
581
625
580
580
581
580
602
736
580
601
736
580
580
581
580
580
580
593
736
580
581
580
580
580
581
609
736
581
580
580
580
581
580
580
580
593
736
580
581
580
580
580
581
580
580
580
1173
736
581
580
580
580
581
580
580
580
580
619
737
580
580
580
581
580
580
580
581
580
592
737
580
580
610
736
580
593
736
580
581
580
580
580
581
580
580
580
581
580
580
581
580
580
593
736
580
1182
736
580
581
580
610
737
580
580
580
581
580
580
580
581
580
580
580
581
580
580
580
580
581
601
736
581
580
580
13666
736
581
580
580
580
602
736
580
581
580
580
580
581
580
592
737
580
580
580
580
581
580
1022
580
580
580
581
580
580
580
581
580
580
580
581
580
580
580
581
580
580
580
580
581
580
580
581
610
736
581
580
580
580
581
580
580
580
581
580
580
581
580
610
736
580
593
736
580
580
581
580
580
580
580
581
580
580
580
581
580
580
580
581
580
580
580
580
581
580
580
580
581
580
634
580
580
580
581
580
580
580
581
580
580
580
581
580
580
580
581
580
592
737
580
580
580
581
580
580
580
580
581
580
580
580
581
619
736
580
581
580
580
580
581
580
580
581
580
580
580
581
580
580
580
581
580
580
580
581
580
580
581
580
580
894
581
580
580
580
581
144
144
580
581
580
580
580
581
580
580
610
736
580
581
619
736
580
581
580
580
580
580
581
580
580
580
581
9092
737
601
766
1087
2028
1069
2187
646
775
1049
580
580
580
581
580
580
580
581
580
580
580
581
580
580
580
581
580
580
580
581
580
580
602
736
611
736
580
580
581
610
736
581
580
580
581
580
580
580
580
581
144
144
580
581
580
580
580
581
580
619
736
580
580
581
580
580
580
581
580
580
580
581
91324
581
580
580
601
737
580
580
611
736
580
580
581
580
580
580
581
580
580
581
580
580
580
581
580
580
580
580
581
580
580
580
581
580
580
620
736
580
580
580
581
580
580
580
581
580
580
580
580
581
580
619
736
581
580
580
580
581
580
580
581
580
580
581
610
736
581
580
580
580
581
580
580
580
580
581
580
580
580
581
601
736
581
580
5856
736
580
619
736
580
581
580
580
1255
580
580
581
580
580
601
737
580
619
736
580
580
581
580
580
581
580
580
580
581
580
580
580
581
580
580
580
581
580
580
580
619
736
581
580
580
580
580
581
580
580
580
581
580
580
8809
628
737
580
580
580
581
580
580
580
581
580
580
580
580
2499
580
580
580
580
581
580
580
593
736
580
580
581
580
580
580
611
736
580
580
581
618
737
580
580
580
619
737
580
580
580
581
580
580
580
593
736
580
580
581
7148
580
581
610
737
580
580
580
580
581
580
580
580
581
580
580
580
581
580
580
580
581
1015
1396
2410
2145
1048
580
602
736
602
736
620
1134
580
580
580
581
580
580
580
580
581
580
580
580
581
580
580
580
580
581
580
580
581
580
580
580
580
581
580
625
580
581
580
580
580
581
580
580
580
581
580
580
580
581
580
580
580
580
581
580
580
580
1412
1049
580
580
602
736
580
580
581
580
580
580
581
580
580
580
581
580
580
580
581
619
9755
736
580
580
581
580
580
580
581
580
580
580
581
580
580
580
581
580
580
580
581
610
736
581
580
580
580
581
580
580
580
3256
581
580
602
736
618
737
580
580
581
580
580
619
736
581
580
580
580
7581
736
580
581
580
580
580
581
580
580
611
736
580
580
610
737
1047
581
580
610
737
580
580
580
581
580
580
580
580
580
581
580
580
619
736
581
580
580
580
593
736
580
581
580
580
581
580
601
709
647
736
580
580
581
580
580
619
737
580
580
580
581
580
580
580
581
580
580
580
581
580
610
736
581
592
736
581
1181
737
580
580
580
581
580
593
736
580
580
581
580
580
611
736
580
580
619
737
580
580
580
580
602
736
580
580
581
580
580
580
581
580
580
8871
580
580
580
580
581
580
610
737
580
580
580
620
736
580
581
580
580
580
611
736
580
580
602
736
593
736
580
580
580
581
580
580
580
611
736
580
580
611
736
580
581
619
3202
1843
1981
580
580
580
985
580
581
580
580
580
581
610
737
580
580
610
736
580
581
580
580
581
580
580
580
581
580
580
611
736
580
580
581
618
737
580
580
580
580
581
618
737
580
580
580
581
592
736
581
580
580
580
581
580
580
580
581
580
580
580
581
580
580
581
580
580
581
580
581
592
736
581
580
580
580
581
580
580
580
581
580
580
581
580
580
580
593
736
580
581
580
580
581
580
1395
1048
581
580
581
580
581
592
736
581
580
610
736
619
736
580
602
736
580
602
736
580
620
736
580
581
580
593
736
619
737
580
580
580
581
580
619
736
602
736
580
10109
581
580
580
580
581
619
736
581
580
580
581
580
580
611
736
580
581
601
736
706
580
580
581
580
611
736
580
580
611
736
580
580
581
580
580
580
581
580
580
580
581
610
737
580
580
580
580
581
580
580
581
580
580
580
581
580
619
737
580
580
580
581
619
736
580
581
580
580
580
581
580
580
580
581
580
580
611
736
580
580
581
618
737
580
580
580
581
580
619
736
581
580
580
581
610
736
580
581
580
580
580
581
580
580
581
580
580
580
581
580
580
580
580
581
580
580
602
736
602
736
580
580
581
580
580
580
581
580
610
736
581
580
592
737
580
580
580
581
580
580
602
736
1199
736
580
581
580
580
580
581
580
580
580
581
580
580
580
581
580
580
581
580
581
580
593
736
580
581
580
581
1031
1126
5379
1980
580
6808
2154
581
580
424
424
425
424
424
454
602
736
454
581
424
424
424
425
424
446
637
736
424
425
424
424
424
425
463
580
424
425
463
580
424
425
463
580
464
580
454
581
424
445
581
424
424
425
424
424
424
425
424
455
580
424
424
437
580
424
424
425
424
424
424
425
424
424
425
136
132
445
581
424
424
424
437
580
425
424
463
580
425
424
424
437
580
424
424
464
580
424
424
446
619
736
132
437
580
424
424
425
436
581
424
424
454
581
424
424
424
424
425
424
424
424
425
424
454
580
425
424
424
437
580
580
581
580
580
580
581
580
580
593
736
580
581
580
580
580
581
580
580
144
581
610
736
580
580
580
602
736
580
581
580
580
580
580
602
736
602
736
580
580
580
1395
736
2418
736
580
580
581
580
580
581
592
736
581
580
580
580
581
580
580
602
1005
581
580
580
580
581
580
580
580
581
580
580
580
581
580
580
580
581
580
580
580
581
580
601
737
580
580
580
581
580
9375
580
580
580
580
581
580
580
580
610
736
593
736
580
581
580
580
580
611
736
580
581
580
592
737
580
580
580
580
581
592
737
580
580
580
581
580
580
580
593
736
580
581
580
580
580
581
580
580
580
581
580
580
611
736
580
580
581
619
736
581
580
580
580
580
602
736
593
736
580
581
580
580
580
581
580
580
580
581
580
580
580
602
736
580
602
736
581
580
580
580
581
580
580
580
581
580
580
941
5118
1048
580
580
581
580
580
580
581
580
580
581
580
580
580
581
580
580
580
643
580
581
580
580
580
580
581
580
580
580
581
580
580
580
581
580
580
580
580
581
1350
1667
736
580
580
580
581
601
736
581
580
580
580
581
580
580
580
581
580
580
581
580
580
580
581
580
580
580
581
580
580
580
581
580
592
737
580
580
580
8651
580
581
580
580
580
581
580
580
580
580
581
580
580
580
580
580
581
580
580
580
581
580
580
580
581
580
580
617
580
580
580
581
31412
593
803
1048
580
581
580
581
580
619
1141
581
580
602
736
619
736
580
580
581
580
580
580
581
580
655
736
581
580
610
737
592
736
580
581
580
580
580
580
581
580
580
580
581
580
580
580
602
736
580
1173
736
581
580
593
736
580
580
580
581
580
580
580
620
736
580
580
580
581
580
580
580
581
580
580
580
581
1190
736
581
580
580
580
581
580
580
581
580
580
580
581
580
580
580
581
580
580
580
580
581
580
580
580
8949
580
581
580
580
581
580
580
602
736
580
580
580
581
580
580
581
580
580
580
581
580
580
580
581
580
580
580
581
580
601
737
580
580
580
581
580
580
580
581
580
580
580
581
580
580
581
1337
1545
1048
580
581
580
1369
736
580
581
1075
580
580
580
581
580
580
580
580
581
580
611
736
580
580
580
619
736
581
580
580
580
581
619
736
581
580
580
580
581
610
1355
736
1191
736
580
620
736
580
580
581
580
580
602
736
580
580
580
581
580
580
580
581
580
580
580
581
580
580
580
581
580
580
581
580
580
580
581
1441
736
581
580
580
580
593
736
580
581
580
580
593
736
580
580
580
581
580
580
580
581
580
580
580
581
580
619
736
581
580
580
580
580
581
580
580
580
581
580
580
580
581
580
580
580
581
580
580
580
611
736
580
580
581
619
10087
736
580
581
580
580
580
611
736
580
581
580
580
580
581
580
580
580
581
580
601
736
580
580
580
581
580
601
737
580
601
737
580
580
2001
736
961
736
581
580
580
580
581
580
580
581
592
736
581
580
580
580
581
592
736
581
580
580
580
581
580
580
54130
37320
580
593
736
611
736
580
581
601
736
581
619
736
609
737
580
580
580
581
580
580
580
580
581
580
580
580
581
580
580
611
736
580
580
581
619
736
580
580
581
580
580
580
580
581
580
580
580
581
580
580
580
581
580
580
580
581
580
580
580
580
581
580
625
580
580
581
580
580
580
580
665
736
580
593
736
580
581
580
580
580
580
581
580
580
580
581
580
580
580
620
736
580
580
581
580
580
580
580
581
580
580
580
581
580
580
1395
1048
580
581
580
602
736
580
580
581
580
580
580
581
580
610
736
1971
737
580
2941
737
580
580
580
581
580
580
580
580
581
619
736
580
581
736
736
580
581
580
580
581
580
580
580
581
8625
593
736
580
581
580
580
581
610
736
580
581
580
580
580
581
580
580
580
581
610
736
580
581
610
736
581
580
580
619
736
580
580
581
580
580
602
736
580
580
580
581
580
580
580
581
610
736
581
601
736
581
580
610
736
580
581
580
580
580
611
736
580
580
581
580
580
580
581
580
580
580
581
580
580
580
611
736
580
581
580
610
737
580
580
580
611
736
580
581
580
580
611
736
144
581
580
580
580
593
736
580
581
580
580
580
611
736
683
736
580
580
620
736
580
580
581
580
580
580
581
580
580
580
580
581
580
580
580
1739
5824
1048
580
581
580
580
580
1058
580
580
580
581
580
580
580
581
580
619
737
580
580
580
580
581
580
580
580
581
580
580
580
580
581
580
580
580
581
580
580
580
580
581
580
580
580
6362
2155
581
580
580
580
580
580
611
736
581
580
580
580
593
736
580
580
581
580
580
580
581
580
580
580
581
580
580
580
620
736
580
580
581
580
580
611
736
580
580
581
580
580
580
581
580
580
580
581
580
580
580
581
580
580
580
602
736
580
580
581
580
580
580
581
580
619
736
580
580
581
580
580
580
580
581
1172
737
580
580
580
580
581
580
580
1190
736
581
580
580
580
581
580
580
581
580
1093
2199
4904
1980
580
580
581
580
580
580
814
602
736
580
581
580
580
553
638
1346
736
620
736
580
581
580
580
580
620
736
581
580
580
580
581
580
610
737
580
580
620
736
580
581
580
611
736
580
581
601
737
592
737
580
619
737
580
580
580
581
580
580
580
580
581
580
580
580
580
581
580
580
8529
581
580
580
580
581
580
580
580
580
581
580
580
580
581
580
580
580
581
580
580
580
580
581
580
619
736
580
580
581
580
580
580
580
581
580
580
580
581
610
736
581
580
580
580
581
580
580
580
581
580
580
580
581
580
580
580
581
580
580
580
581
580
580
580
581
580
617
1195
1772
1222
2770
1049
580
580
581
580
592
737
580
580
580
581
580
580
593
826
580
581
580
580
580
581
580
580
610
736
580
581
580
580
580
580
581
580
580
580
580
581
592
736
581
580
580
619
737
580
580
580
581
580
580
888
736
581
580
580
580
581
580
580
580
581
580
580
602
736
580
580
581
580
580
580
581
580
602
736
619
736
580
580
581
580
580
593
736
580
580
593
736
580
610
736
580
581
580
580
580
580
581
580
580
580
620
736
580
580
581
580
580
580
580
581
580
580
580
144
581
6518
2186
580
581
580
580
1199
736
581
580
601
737
580
580
580
581
580
580
580
581
580
602
736
580
593
736
580
3262
1351
1600
1981
580
580
580
581
580
580
580
580
581
580
601
1096
601
737
580
593
736
580
581
580
580
592
737
580
610
736
580
580
581
580
580
580
580
581
609
737
609
736
581
610
736
581
580
619
775
1048
581
580
592
737
580
619
736
580
580
581
580
610
737
580
580
580
580
581
580
580
580
580
581
619
736
581
580
580
580
580
581
580
580
580
581
580
580
580
581
601
736
581
1244
736
581
619
736
580
581
580
580
580
581
580
580
580
580
581
610
736
581
580
580
580
580
581
580
580
580
580
581
580
580
580
581
580
580
580
611
736
580
581
580
580
580
580
581
580
580
580
581
601
736
580
581
619
736
581
580
9176
580
581
592
736
581
580
580
580
580
581
580
580
580
581
580
580
580
581
796
580
580
581
580
580
581
1181
737
609
737
580
592
737
580
580
580
580
581
619
736
581
580
580
580
581
580
580
580
581
580
580
580
580
593
736
580
581
580
580
580
580
611
736
580
580
580
581
580
580
581
580
580
580
581
580
580
662
737
580
581
580
581
610
737
580
580
581
580
619
736
580
581
580
580
580
581
580
580
581
580
580
580
581
580
580
581
601
736
581
580
580
580
581
580
580
876
736
581
580
580
580
581
619
1347
736
580
580
581
580
580
580
581
580
580
580
581
580
580
580
581
580
580
580
581
580
580
580
581
580
580
580
634
581
580
580
580
581
580
580
580
581
580
580
580
581
580
580
580
581
580
580
580
580
620
736
581
601
736
581
580
580
580
10283
736
581
580
580
580
581
580
619
737
610
736
581
610
736
580
580
581
580
580
580
581
580
580
611
736
580
580
581
580
580
602
736
593
736
580
580
581
580
580
580
580
581
580
580
581
580
580
580
581
580
580
580
581
553
620
736
580
580
580
581
580
580
580
581
580
580
580
581
580
580
580
611
736
580
611
736
580
581
609
736
581
580
580
619
736
580
581
580
580
593
736
580
580
581
580
580
580
602
736
580
581
580
580
581
580
580
611
736
580
580
581
592
736
581
580
580
580
581
580
580
602
736
580
1191
736
581
610
736
581
610
2587
4367
1980
580
580
580
581
610
736
581
580
580
580
581
1039
580
581
580
580
581
580
580
580
581
580
580
580
581
580
619
736
580
580
581
580
601
737
619
736
580
580
581
6757
2239
580
581
580
580
580
620
736
580
581
580
580
580
581
580
580
580
580
581
580
580
580
581
580
580
144
611
736
580
581
580
580
580
580
581
580
580
580
619
736
581
580
580
580
581
592
736
581
580
580
580
581
580
580
580
580
581
580
580
580
581
580
580
580
581
580
580
580
593
736
581
580
580
580
581
619
736
581
580
580
581
580
580
611
736
553
646
736
580
581
580
1173
736
580
580
581
580
580
580
580
581
580
610
737
610
710
6111
1517
1980
581
580
580
580
581
580
994
619
736
580
580
581
580
580
580
581
580
580
580
581
580
619
736
580
580
581
580
580
580
581
580
580
580
581
580
580
580
581
580
580
580
581
580
580
580
581
580
580
580
626
580
580
581
580
580
580
581
580
593
736
580
580
581
580
580
580
581
580
35564
580
581
601
736
581
580
580
580
581
580
580
580
581
601
736
581
580
580
580
581
580
580
580
593
736
581
580
580
580
581
580
592
736
581
580
580
580
581
1195
2576
1048
580
581
580
772
772
580
580
581
580
580
580
581
580
580
580
593
736
580
581
580
580
580
602
736
1199
736
581
580
580
580
602
736
580
581
580
580
581
580
580
580
611
736
580
581
592
736
581
580
580
580
581
580
580
611
736
580
580
581
580
580
580
581
580
580
580
581
580
580
580
581
580
580
580
581
580
580
580
581
580
580
580
644
580
580
580
602
736
602
736
580
580
581
580
580
9011
580
581
580
580
580
581
580
580
580
580
581
580
580
580
580
620
736
580
580
581
580
580
602
736
592
737
580
580
580
581
580
580
580
581
580
580
580
581
580
580
580
581
580
580
581
580
580
580
611
736
580
581
580
580
580
581
580
580
92506
580
580
581
580
610
736
580
580
581
580
580
581
580
580
580
581
592
736
581
580
580
580
581
580
3872
580
581
580
580
580
581
580
619
736
580
580
581
580
580
580
581
580
580
580
581
580
580
580
581
580
580
580
580
581
580
580
580
581
580
580
643
580
581
580
580
601
736
580
581
580
580
580
581
580
602
736
601
737
580
580
580
580
581
580
580
580
602
736
580
581
580
580
580
581
580
580
593
736
1199
736
580
581
580
580
580
580
581
580
611
736
580
580
580
620
736
580
581
580
580
602
736
581
592
737
580
580
581
592
737
610
737
619
736
581
580
580
580
581
580
580
580
581
580
610
737
580
580
580
581
601
736
581
580
580
580
581
580
580
580
580
581
580
580
580
581
601
737
580
619
737
580
580
580
581
580
580
580
9108
580
580
581
580
580
620
736
580
593
736
580
580
580
581
580
580
580
580
619
736
581
580
580
580
581
580
602
736
580
580
581
580
580
580
580
581
592
736
581
580
580
580
581
580
619
737
580
580
580
580
581
580
580
580
581
580
580
580
602
736
610
736
581
580
611
736
580
580
580
581
580
580
580
581
580
580
580
581
610
736
581
601
736
581
580
580
580
581
580
580
580
580
593
736
581
580
580
580
580
580
581
580
580
581
580
580
1422
1048
580
581
580
580
580
581
580
580
580
581
580
580
580
611
736
580
581
580
601
737
580
580
602
736
580
580
581
580
580
580
581
580
619
737
580
580
880
736
581
2085
736
581
619
736
580
581
580
602
736
580
580
593
826
580
580
581
580
580
620
736
580
580
581
580
580
580
602
736
580
581
580
580
581
580
580
580
581
610
9703
736
580
580
593
736
580
581
580
580
581
610
736
581
580
580
580
619
736
581
580
580
593
736
580
580
581
580
580
580
580
581
580
580
580
581
580
580
580
581
580
580
580
581
580
580
580
581
580
580
625
581
580
580
580
581
580
580
580
581
580
580
580
581
580
580
580
581
580
580
580
581
580
580
580
581
610
736
581
580
580
620
736
580
580
581
580
580
593
736
580
580
581
580
580
580
1404
1049
580
580
580
581
580
580
611
736
580
580
2890
736
3159
736
580
580
602
736
580
581
601
979
581
580
580
580
581
580
580
581
580
580
580
580
581
580
619
736
581
580
580
580
581
580
580
580
581
580
580
580
581
601
736
581
580
610
736
580
602
736
580
580
580
581
580
601
737
580
580
611
736
580
580
8995
580
580
581
580
1199
736
619
736
592
737
580
580
620
736
580
580
581
580
580
580
580
581
580
580
580
581
580
580
580
611
1338
736
580
580
581
580
580
580
581
580
580
602
736
580
580
593
736
580
581
580
580
593
736
581
580
580
581
601
737
580
610
737
580
581
580
580
580
581
601
736
581
580
580
580
581
580
2220
4008
1980
580
580
581
580
580
580
581
580
580
580
581
903
580
581
580
601
737
580
580
1102
580
581
580
580
580
581
580
580
580
581
580
580
581
580
580
580
581
580
580
580
580
581
580
580
580
581
580
634
581
580
592
737
580
580
580
580
581
580
580
580
581
580
580
580
580
581
580
580
581
580
580
580
581
619
736
580
580
580
581
580
602
736
580
580
581
580
580
580
581
580
580
580
581
580
580
580
581
8962
580
580
580
581
580
580
580
581
580
580
580
581
580
593
736
580
581
580
580
580
581
580
610
737
580
580
610
736
580
581
580
592
737
580
580
580
580
581
580
580
580
581
580
580
1196
4349
1049
580
580
580
581
580
580
580
580
581
580
580
580
581
580
580
580
581
580
580
581
580
580
580
581
580
823
580
580
580
581
580
580
580
581
580
580
581
580
580
580
581
580
580
580
581
580
580
1359
1048
581
580
580
580
581
580
580
580
581
580
580
580
581
580
580
580
581
580
580
580
581
580
580
581
580
616
647
736
580
581
619
783
1049
580
580
580
580
581
580
580
581
619
736
581
580
593
736
580
580
580
581
580
580
581
610
736
602
736
581
610
737
580
581
592
736
580
581
610
737
601
736
581
655
736
593
8546
736
581
580
580
580
580
593
736
581
580
580
580
611
736
580
581
580
619
2328
1049
580
1742
736
580
581
580
580
580
581
580
580
581
580
601
737
580
580
580
581
580
580
611
736
580
580
581
618
737
598
581
580
580
580
581
580
580
580
581
580
580
580
581
580
580
580
581
580
580
580
580
581
580
580
580
580
581
625
580
580
593
736
580
580
581
580
580
580
602
736
580
581
580
580
580
581
580
1412
1048
581
580
580
581
580
580
580
581
580
580
580
593
736
580
580
581
580
580
610
736
580
580
581
619
736
581
580
580
620
736
580
580
581
580
580
580
580
581
610
737
580
580
580
580
581
580
580
580
581
601
736
602
736
602
736
580
602
736
580
580
581
580
580
580
581
580
580
580
581
580
580
580
581
580
580
580
9595
580
580
581
593
793
1048
580
581
619
736
581
610
736
619
736
580
580
580
581
580
580
580
580
581
580
1138
580
581
580
602
736
580
580
581
619
736
580
581
580
580
610
737
580
580
602
736
580
593
736
580
580
581
580
580
580
580
602
736
580
580
581
580
580
580
581
580
580
580
580
581
580
580
580
611
736
580
620
736
580
580
581
580
580
593
736
580
580
580
580
581
580
601
737
610
736
581
601
736
581
1181
736
619
736
581
580
580
580
581
580
580
580
581
580
580
580
581
580
580
580
581
580
580
620
736
580
580
581
580
580
580
581
580
580
581
580
580
580
581
1909
580
610
737
580
580
580
581
580
580
580
581
580
580
580
601
736
580
581
592
736
581
580
580
581
580
580
580
581
580
2205
1687
1049
580
580
580
581
580
580
580
581
580
9326
646
736
580
581
580
580
580
580
581
580
580
580
581
580
580
580
581
580
580
580
580
581
610
736
581
580
580
580
593
736
580
581
580
580
580
580
581
580
580
580
581
580
619
736
424
424
425
424
424
424
425
424
424
424
463
581
436
581
424
424
455
580
463
581
463
580
425
424
424
424
425
445
544
842
1049
424
463
580
424
425
463
580
424
425
463
580
424
425
424
424
424
425
424
464
580
424
464
580
463
580
445
646
737
424
424
424
446
825
736
425
424
424
425
424
445
581
463
580
425
463
581
424
424
424
437
580
424
425
424
424
425
424
424
437
580
424
424
425
424
424
424
425
454
580
424
424
599
580
579
449
580
424
598
581
1125
581
580
580
581
580
580
580
581
609
736
581
580
580
580
37166
580
609
737
580
580
580
581
580
580
580
580
581
610
736
581
580
580
580
610
736
580
581
580
580
580
581
580
580
619
736
580
580
581
580
580
580
581
580
580
580
581
580
580
581
580
580
580
611
736
580
581
580
580
580
581
580
619
736
580
581
580
580
580
581
580
580
580
581
580
580
580
581
592
736
581
580
580
580
581
580
580
580
580
581
580
580
580
581
580
580
580
580
581
580
580
1347
736
580
1040
1243
1048
1594
736
602
736
580
581
580
580
581
580
611
736
580
581
601
736
581
619
736
581
966
1173
736
581
619
736
580
581
580
580
580
580
602
736
580
580
581
580
580
580
581
580
580
593
736
580
580
580
581
580
580
580
581
580
580
580
581
580
601
737
580
580
9081
580
580
581
580
580
580
580
581
580
580
580
581
580
610
736
580
580
602
736
580
581
580
1173
736
580
581
580
580
580
581
580
580
580
581
601
737
592
736
580
581
580
580
87305
580
581
592
736
9365
580
580
580
581
580
580
611
736
580
580
580
581
580
580
580
581
580
619
737
580
580
580
580
581
580
580
581
580
580
581
580
580
580
581
580
580
580
581
580
580
580
581
580
580
580
4328
581
906
737
580
601
737
580
580
862
736
581
580
580
580
581
580
580
580
581
580
580
602
736
601
737
580
580
580
581
580
580
580
581
592
736
581
580
580
581
580
592
737
1182
736
580
580
580
581
580
580
581
580
580
580
581
580
580
580
581
610
736
593
736
580
581
580
580
581
580
601
737
580
580
580
581
580
580
581
580
580
580
581
580
580
580
581
580
580
580
593
736
580
581
580
580
602
736
602
736
580
580
581
580
580
580
581
580
592
737
580
580
580
581
580
580
581
580
580
580
581
580
580
580
581
580
580
8543
580
610
736
580
580
581
580
580
580
580
581
580
580
580
581
580
580
580
581
580
592
737
580
580
580
581
580
580
580
581
580
580
581
580
2256
3339
580
580
581
580
580
580
593
736
580
611
736
580
581
580
620
736
602
736
602
736
602
792
1061
1992
1048
581
144
580
580
581
601
736
580
581
580
580
580
581
580
592
737
580
580
580
581
580
580
580
581
580
580
580
581
580
580
580
593
736
581
1172
737
580
580
580
581
580
580
581
580
580
610
736
580
581
580
580
581
580
580
580
581
580
580
580
580
581
580
580
580
581
580
592
737
580
580
580
581
580
580
580
580
581
580
580
580
580
581
580
580
580
581
580
580
580
580
581
580
580
580
644
580
580
580
611
736
580
580
611
736
580
581
9481
580
580
581
619
736
581
580
580
580
580
581
580
580
580
914
580
580
581
580
580
593
736
580
580
581
580
580
581
610
736
580
581
580
619
736
581
580
580
580
610
736
581
580
580
580
581
580
580
580
581
580
620
736
580
580
581
1181
737
610
736
580
580
580
581
580
580
580
581
580
580
580
581
580
580
580
581
580
580
580
581
580
580
580
580
581
580
634
580
611
736
580
580
580
581
580
580
580
620
736
580
580
580
581
580
580
580
580
581
140
580
580
581
580
580
580
580
581
580
580
580
580
581
580
580
580
581
1271
736
580
580
581
580
580
580
581
580
580
580
581
580
580
580
580
581
580
580
580
580
602
736
602
736
601
737
580
580
580
581
580
580
580
580
581
580
580
580
581
580
580
580
580
593
736
580
581
580
580
580
581
580
580
580
580
738
9108
736
581
580
580
581
580
580
580
581
580
580
580
581
580
580
580
581
580
580
581
592
736
580
581
580
580
580
593
736
580
581
580
580
580
581
619
736
581
580
580
580
581
592
736
581
580
580
580
581
580
580
580
581
580
580
580
581
580
580
611
736
580
581
580
580
580
581
580
580
580
1200
736
581
580
580
581
580
580
580
581
580
580
580
581
610
736
581
580
580
580
581
580
601
737
580
580
580
581
580
580
888
736
580
580
581
601
736
581
580
619
736
581
664
736
581
580
580
580
581
580
601
736
581
580
580
580
581
580
580
580
580
581
580
580
580
581
862
2501
3245
1981
580
580
620
736
580
580
661
580
581
580
148
580
581
580
580
580
581
580
580
580
581
580
580
580
581
592
736
581
580
601
9118
758
1114
2037
1048
581
610
736
580
581
580
580
602
736
580
580
581
580
580
580
581
580
580
580
581
580
580
580
580
581
580
580
580
580
581
580
580
580
580
581
634
617
137
736
580
581
601
736
581
619
736
581
580
580
580
593
736
580
581
580
580
580
581
580
580
580
581
580
580
581
580
1368
1048
580
580
581
580
580
580
581
580
580
580
581
580
580
580
581
580
580
580
581
580
580
581
601
737
619
3075
2640
1980
581
580
580
581
580
580
580
581
580
580
580
581
580
580
580
580
851
580
580
581
580
580
602
736
580
580
581
580
580
580
581
580
619
737
580
580
580
581
580
580
580
580
581
580
580
580
593
736
593
736
580
580
581
580
592
737
580
580
580
581
580
580
580
580
581
592
736
581
580
580
611
736
580
580
581
580
580
8768
580
581
580
580
580
581
580
580
580
581
580
580
580
581
580
580
580
593
736
580
581
580
580
580
581
580
580
580
581
580
580
580
619
736
581
580
580
580
581
610
736
580
581
580
580
1173
736
580
581
580
580
580
580
581
580
580
580
581
592
736
581
580
580
580
580
581
580
580
581
580
581
580
610
737
580
610
736
1321
736
2796
736
580
581
580
580
580
581
580
580
833
580
1395
1048
580
580
581
580
620
736
580
620
736
580
580
581
580
620
736
580
580
581
580
580
580
581
580
580
581
580
593
793
1048
611
736
656
736
580
581
580
580
581
580
610
737
580
580
580
610
737
580
580
580
581
580
580
580
581
580
580
580
581
580
580
580
581
580
580
580
581
580
580
580
580
581
580
625
580
580
580
581
580
602
736
580
580
581
580
580
580
581
580
8525
580
580
581
580
580
580
580
581
580
601
737
580
580
580
581
580
580
611
736
580
610
737
580
580
580
581
580
580
580
581
580
580
581
1318
1349
1048
1531
736
581
580
601
737
580
601
737
580
601
737
580
611
736
580
611
736
580
1038
581
610
736
581
619
736
581
580
629
736
580
580
580
581
580
580
580
581
580
580
580
602
736
580
602
736
580
581
580
580
580
581
580
601
737
580
1200
736
580
580
619
737
580
580
580
581
580
580
602
736
580
580
581
580
610
737
610
737
580
619
736
581
610
794
1048
581
619
736
581
1199
736
580
580
580
581
580
580
580
581
580
580
581
580
610
736
581
580
580
580
581
580
580
581
580
580
580
611
736
580
581
610
736
581
580
619
736
580
580
581
610
736
580
580
580
581
580
601
737
580
6931
5570
580
580
581
580
580
1191
736
581
1172
736
581
580
580
580
581
580
4420
736
581
580
619
736
581
580
580
580
581
580
580
580
580
581
580
580
602
736
580
611
736
580
580
581
580
580
581
580
580
580
580
611
736
581
580
580
580
619
736
581
580
580
580
619
736
581
580
580
593
736
580
580
581
580
580
581
580
610
736
580
580
1413
1048
580
580
581
580
580
580
581
580
580
581
580
580
580
581
580
580
580
593
736
580
580
581
580
580
602
736
580
580
581
580
552
1459
1048
580
580
581
580
580
580
580
581
580
580
580
581
619
736
580
581
580
580
580
593
736
580
580
581
610
736
581
580
580
580
581
592
736
580
580
581
580
580
580
581
580
580
580
620
2066
1049
580
580
580
1605
1329
736
7179
2244
580
580
580
581
580
580
580
581
580
619
737
580
580
610
737
580
580
581
580
580
580
581
580
580
580
581
580
580
580
581
580
601
736
581
580
580
581
580
592
736
581
580
580
580
581
580
580
580
580
581
580
580
580
581
618
737
580
580
580
581
580
580
580
580
580
581
580
580
593
736
580
581
580
580
580
580
581
580
580
580
581
580
580
580
580
581
580
580
580
580
581
580
580
580
581
580
884
581
580
580
580
580
581
580
580
580
580
602
736
580
581
580
580
580
580
581
580
592
736
581
580
580
580
581
580
580
620
736
580
580
580
581
601
736
580
580
580
580
581
1935
581
580
580
580
581
610
736
581
580
610
736
2219
736
580
581
580
580
580
581
610
736
580
581
580
580
580
581
580
580
580
581
580
673
737
580
580
580
580
581
580
580
117028
581
580
580
580
581
580
580
580
581
580
580
9242
580
580
580
602
736
580
581
580
580
581
580
580
580
580
581
580
580
580
581
580
580
611
736
580
581
592
736
581
580
580
580
581
580
601
736
581
580
580
580
581
580
619
736
601
737
580
580
620
736
580
580
580
581
580
580
580
581
580
592
737
580
580
580
580
581
580
580
580
581
580
580
580
580
602
736
580
581
580
580
580
581
5073
737
580
580
581
592
736
581
580
580
602
736
619
736
895
580
602
736
580
581
580
580
581
580
580
580
593
736
580
581
580
580
580
581
580
580
580
581
580
580
580
581
580
580
580
581
580
580
580
580
581
580
580
581
633
580
602
736
580
581
592
737
580
580
580
580
581
619
736
580
581
580
580
580
580
581
580
580
581
580
580
580
581
580
580
580
581
580
580
580
581
580
580
8451
580
580
580
593
736
580
581
580
580
580
611
736
1741
580
592
737
580
580
580
580
602
736
602
736
580
580
581
580
580
580
581
619
736
580
581
580
580
580
593
736
580
581
580
580
580
581
580
580
580
581
580
580
580
581
580
580
580
581
580
580
580
580
602
736
593
736
580
581
580
580
580
580
581
580
580
580
4371
1105
736
1461
736
619
736
581
580
580
580
581
580
580
580
581
580
580
580
620
736
580
580
581
580
580
602
736
580
580
581
580
580
580
581
580
619
737
580
580
580
581
580
580
611
736
580
581
609
737
580
580
602
736
580
592
737
580
580
580
581
580
580
580
580
581
580
580
580
580
581
580
580
580
581
580
601
736
620
736
580
580
581
580
580
580
581
592
737
580
581
580
580
593
8559
736
580
581
580
619
736
580
581
580
580
581
580
580
602
736
580
580
581
580
580
580
581
580
580
580
580
581
580
580
580
581
580
580
580
581
580
580
580
581
601
736
580
581
580
580
580
581
580
580
581
5049
636
737
580
580
601
737
618
737
580
580
580
581
601
736
581
580
580
580
581
580
580
581
601
736
593
736
580
581
580
580
581
580
896
736
580
580
581
580
580
580
581
580
580
580
580
581
580
580
580
581
580
580
580
581
580
580
580
581
580
580
626
580
580
581
580
580
580
581
619
736
580
580
581
580
580
580
581
580
580
580
580
581
580
619
737
580
580
580
581
580
580
602
736
580
580
581
580
580
580
593
736
580
581
580
580
580
581
580
580
581
619
736
581
580
580
580
602
736
1173
736
580
581
580
580
580
602
736
9731
580
580
581
580
580
581
580
580
580
581
580
580
580
581
580
580
602
736
580
580
620
736
967
581
580
580
580
581
610
736
581
580
580
602
736
580
580
581
580
580
580
581
580
619
736
580
580
581
580
580
580
581
580
580
581
580
580
580
581
580
580
580
581
580
580
580
581
580
580
580
581
634
580
581
592
736
581
580
580
580
581
610
736
581
580
580
581
1413
1048
580
580
581
580
580
580
581
580
580
601
737
580
619
736
581
580
580
580
581
619
736
580
581
580
580
580
581
580
580
580
581
580
580
610
736
580
580
581
580
580
580
580
581
144
580
580
580
581
580
580
580
581
580
580
580
581
580
580
580
580
581
580
616
580
581
580
580
611
736
580
580
581
580
611
736
580
580
611
736
580
581
580
580
580
581
580
580
580
581
580
593
6990
1518
736
580
581
580
580
581
580
619
1392
737
580
580
580
581
580
580
580
581
580
580
580
581
580
580
580
611
736
602
736
580
580
581
580
580
581
580
580
580
1191
736
581
580
580
581
610
736
581
580
601
737
601
736
581
580
611
736
580
580
581
580
580
580
581
580
592
737
580
580
580
581
580
580
580
581
580
580
580
581
580
580
580
581
580
580
580
581
580
580
580
581
580
592
737
580
580
1182
736
581
592
736
581
580
580
580
581
580
580
602
736
580
611
748
1049
610
737
592
811
1123
2062
1048
602
736
580
580
581
580
580
580
581
580
580
580
581
580
580
610
910
1049
4986
736
610
736
581
580
601
737
580
592
736
581
805
580
580
581
580
580
580
581
580
580
580
581
580
592
737
8474
580
581
580
580
580
581
580
580
580
611
736
580
580
581
619
736
580
580
581
619
737
580
580
580
581
580
580
580
581
580
580
580
581
580
580
611
736
580
580
581
619
736
581
580
580
581
580
619
737
580
580
580
581
580
611
736
580
580
581
580
580
580
581
580
580
580
581
580
580
610
737
580
619
737
580
580
580
580
611
736
581
580
580
580
619
736
580
581
580
580
580
580
581
580
580
580
581
580
1404
1048
580
580
581
580
580
580
580
620
736
580
581
580
580
580
581
580
580
580
1161
580
602
736
580
611
736
580
1972
2569
1048
580
580
581
661
580
580
580
581
580
580
580
610
737
580
610
737
580
580
580
602
736
593
736
580
580
580
581
580
580
148
148
144
581
601
737
580
580
580
581
580
580
580
620
736
580
580
581
580
580
8447
581
580
619
736
581
580
580
580
581
580
593
736
580
580
581
580
580
593
736
580
580
602
736
580
581
580
620
736
610
767
1048
581
619
737
682
736
581
580
584
823
1048
580
580
581
610
737
580
580
580
581
580
1182
736
581
580
580
611
736
580
581
580
580
581
592
736
581
580
580
580
581
580
580
1385
1048
581
960
133
907
736
580
581
580
580
580
580
581
887
736
580
581
580
601
737
580
580
580
581
580
580
580
581
580
1039
581
580
580
580
580
581
601
736
581
619
736
580
581
580
580
580
580
581
580
580
580
581
580
580
580
581
580
580
580
620
736
580
580
580
581
1198
737
580
580
580
580
581
580
580
581
580
580
580
580
581
601
736
620
736
581
580
580
580
602
736
580
580
581
580
580
580
581
580
580
580
581
580
580
9140
580
619
736
581
580
580
580
581
601
736
620
736
580
580
581
580
580
580
581
580
580
580
580
580
581
580
580
580
581
580
580
580
581
592
736
581
580
580
580
581
618
736
581
580
580
580
602
736
619
736
580
1984
1540
4104
1980
580
580
581
580
580
580
581
580
580
580
581
619
736
778
580
581
580
580
580
581
601
736
581
580
580
580
581
580
580
580
581
580
580
580
581
580
580
580
1394
1049
580
580
580
581
580
580
602
736
593
736
580
580
580
581
580
637
737
580
580
580
580
581
580
580
580
580
611
736
580
581
580
580
611
736
580
580
593
736
580
581
579
593
736
580
581
580
580
580
580
593
736
580
581
580
580
580
619
736
581
580
580
580
581
580
580
580
581
580
580
580
581
619
9760
736
581
580
580
580
580
581
580
580
602
736
580
580
580
581
580
580
580
581
580
601
737
601
736
602
736
580
602
736
580
580
581
580
580
580
602
736
580
581
601
737
580
580
580
580
580
581
601
737
580
580
580
7888
580
580
580
581
580
580
580
581
580
592
737
580
580
581
580
580
580
620
736
580
581
580
592
737
580
580
580
581
580
580
580
581
580
580
580
581
580
580
888
736
580
580
602
736
580
581
580
619
737
580
580
580
581
580
580
580
581
580
1173
736
593
736
580
580
580
581
580
620
736
580
580
581
580
580
580
593
736
581
580
580
580
581
580
610
737
592
736
593
736
580
581
580
580
593
736
580
581
580
601
737
580
580
581
580
580
580
581
580
580
580
580
11004
581
580
580
580
601
736
581
580
580
581
580
580
580
593
736
580
581
580
580
580
581
580
580
3872
736
580
580
581
580
580
760
581
580
580
580
581
580
580
121030
580
581
580
619
736
581
580
580
580
611
736
580
581
580
580
580
581
580
580
581
580
580
611
736
580
580
581
580
592
737
552
647
737
580
580
602
736
580
580
580
581
580
580
593
736
580
580
581
580
580
580
580
580
581
580
580
580
581
1377
1048
611
736
580
580
580
581
580
580
580
581
580
580
580
593
736
580
581
580
580
581
580
601
737
580
619
737
580
580
580
581
619
736
581
580
580
580
581
619
736
1372
736
148
152
1564
1926
1049
580
580
581
580
580
580
581
634
580
581
580
580
581
580
580
602
736
8686
580
581
580
580
580
581
580
580
581
1199
737
592
736
581
580
580
580
581
580
580
580
581
580
580
580
581
580
593
736
580
580
581
580
580
580
581
580
580
580
581
580
580
580
602
736
580
593
736
580
581
580
580
580
593
736
580
581
580
580
620
736
580
580
581
580
580
581
619
736
581
580
580
580
581
580
580
580
580
581
580
580
580
580
581
580
580
580
581
592
736
581
580
580
580
580
580
610
736
581
580
610
737
580
580
888
736
580
581
580
580
580
581
580
580
581
580
580
580
581
580
580
580
581
580
580
580
581
580
580
580
581
580
616
581
6672
952
628
736
580
581
601
736
581
580
580
580
1182
736
580
581
580
580
580
580
581
580
580
580
581
580
580
580
602
736
580
581
610
736
581
610
736
581
580
580
611
736
9023
580
580
611
736
580
580
580
580
581
580
619
737
580
580
580
580
620
736
580
581
580
580
580
580
581
580
580
580
580
581
580
580
580
581
580
580
580
581
619
736
602
736
580
581
580
580
580
580
602
736
580
580
581
580
580
580
581
580
580
580
581
580
580
580
581
580
601
737
580
580
580
580
580
581
580
580
602
736
610
737
580
580
580
581
580
580
580
581
580
580
620
736
1015
736
581
580
580
580
581
580
1020
736
580
581
592
736
581
580
580
580
581
817
736
580
580
581
580
580
581
618
737
580
580
580
581
580
580
580
581
580
593
736
580
581
619
737
580
581
619
736
581
580
610
736
1191
736
580
581
580
580
580
581
580
580
580
581
580
580
580
580
581
580
580
580
581
580
580
580
581
580
580
580
617
580
581
580
602
736
619
736
581
580
580
580
581
580
580
602
736
9408
581
580
580
580
581
580
580
580
581
580
580
580
619
736
580
581
580
580
580
581
580
580
580
581
580
593
736
580
580
580
581
580
580
602
736
580
580
581
580
580
580
581
610
736
581
580
601
737
580
592
737
580
580
602
1538
1048
580
581
3303
736
580
580
581
580
580
580
611
736
823
581
580
602
736
619
737
580
580
580
580
581
580
602
736
610
737
580
580
580
580
581
580
580
580
581
580
592
737
580
1191
736
580
580
581
580
580
580
611
736
580
581
580
610
736
581
580
580
580
581
580
580
580
580
581
580
580
580
581
580
580
580
581
580
580
580
580
581
580
580
580
644
637
736
580
580
581
580
593
736
580
580
581
580
580
620
736
580
580
581
580
580
580
581
580
580
580
581
580
580
602
736
580
602
736
580
580
581
580
580
581
580
580
8630
581
580
580
620
736
580
580
581
580
580
581
580
580
580
581
580
580
581
580
580
593
736
580
580
580
620
736
580
1728
736
1005
2056
1049
580
580
580
637
736
581
580
580
580
581
580
580
580
581
580
580
581
580
580
580
581
580
580
580
581
619
736
581
580
580
580
581
580
580
580
581
144
580
580
581
580
580
580
602
736
602
736
619
736
581
580
580
580
580
879
736
580
581
580
580
580
580
581
580
580
593
736
580
580
581
580
610
737
580
580
580
580
581
580
580
580
580
581
580
610
736
581
580
580
580
581
580
580
580
581
580
610
737
580
580
580
581
580
580
580
581
580
580
580
580
581
580
580
580
581
580
580
580
581
580
580
580
580
581
643
580
581
580
580
1182
736
580
580
581
580
643
83
736
580
581
580
580
580
602
736
580
581
8884
581
580
580
580
610
737
580
580
581
580
593
736
580
580
581
580
787
580
580
581
580
580
580
581
580
580
580
581
580
580
620
736
580
580
580
581
601
736
611
736
580
580
581
580
580
580
581
580
580
580
581
1173
736
619
737
580
592
749
1048
611
736
593
736
580
580
580
581
580
580
580
593
736
581
580
610
737
580
580
580
581
580
619
737
580
580
580
581
580
580
602
736
580
1173
736
580
581
619
736
581
580
580
580
581
580
619
737
580
580
580
580
581
580
580
580
580
581
580
580
580
581
580
580
580
581
580
580
580
581
580
580
580
580
617
580
580
581
580
593
736
580
580
580
581
580
580
580
602
736
593
736
580
580
580
581
580
580
580
580
581
580
580
611
736
580
580
580
593
736
580
1281
1792
1048
580
581
580
8970
581
580
580
580
581
580
593
736
580
580
580
581
580
580
581
580
580
580
581
580
580
581
601
736
593
736
580
580
581
580
580
620
736
580
580
581
580
580
580
611
736
580
593
736
580
581
580
580
580
581
610
736
580
581
601
736
581
580
580
580
581
580
580
580
581
580
580
580
581
580
580
581
580
580
602
736
580
580
581
580
580
580
581
580
580
580
581
580
580
580
580
1413
1048
580
581
580
601
737
592
736
581
580
580
580
611
736
580
580
581
580
580
580
581
580
580
580
581
580
580
580
581
580
580
580
580
581
580
580
580
581
580
581
592
737
592
736
580
581
580
2026
736
580
580
581
580
916
736
580
580
581
601
736
581
580
1075
628
792
1049
580
581
580
580
593
736
580
620
736
580
580
581
592
737
619
736
581
580
8638
581
580
580
581
580
580
580
581
580
580
580
581
580
580
580
580
581
580
580
580
581
580
601
736
580
581
580
580
580
581
580
580
580
580
581
580
580
580
581
580
580
580
581
580
580
581
580
580
580
581
592
736
619
736
620
736
580
581
580
580
580
611
736
580
581
610
736
581
580
580
619
736
580
580
581
580
610
736
580
580
611
736
580
580
602
736
580
581
618
736
581
580
887
736
581
580
580
580
581
580
580
581
580
619
737
580
580
580
581
580
580
581
580
580
580
580
581
580
580
580
581
580
580
580
581
580
580
580
7573
580
580
581
580
580
580
581
610
736
581
580
601
737
601
737
580
619
737
580
580
580
581
580
580
580
581
144
140
296
580
581
580
580
581
601
736
581
580
580
580
581
580
580
580
1802
7110
637
748
1048
581
580
580
580
580
580
581
580
580
620
736
580
580
581
580
144
580
581
580
1191
736
580
580
581
580
580
580
581
580
580
580
581
580
580
580
581
580
1199
737
580
580
581
580
580
580
581
592
736
581
580
580
581
580
610
736
581
580
588
129
149
894
1048
580
581
580
580
580
580
633
2155
4834
1049
580
580
580
581
580
580
580
581
580
1359
1048
581
1138
580
580
581
580
580
580
581
580
580
580
581
580
580
581
610
736
580
580
580
581
580
580
580
581
580
580
580
602
736
580
580
581
580
580
580
581
580
580
580
581
580
580
580
593
736
580
581
580
580
580
580
581
619
736
580
580
581
580
580
602
736
580
580
580
581
580
580
580
581
580
580
580
581
580
580
580
581
580
580
580
581
9365
580
610
736
580
580
580
581
610
736
581
580
580
581
580
580
580
581
580
580
580
580
581
580
580
580
581
580
602
736
580
580
580
581
580
580
580
581
580
580
580
581
580
580
580
581
121474
581
580
580
580
581
580
580
580
581
580
580
580
581
580
580
580
580
581
580
610
737
580
580
602
736
601
736
581
580
601
737
580
580
580
581
580
580
580
611
736
580
580
581
580
602
736
601
736
581
580
580
580
581
580
580
580
580
581
580
580
581
580
592
737
580
580
580
581
610
736
1200
736
619
737
580
580
580
580
581
610
737
580
620
774
1049
580
581
592
736
581
610
736
581
580
580
580
619
736
580
581
580
580
580
581
580
580
581
580
580
580
581
580
580
580
1741
1927
593
736
610
737
580
580
580
581
580
580
581
580
580
581
580
601
737
580
580
580
9643
580
611
784
1060
2046
1084
610
737
580
580
580
611
736
580
580
581
580
296
580
581
580
580
580
580
611
736
580
581
580
602
736
580
602
736
580
580
580
581
580
580
581
601
736
581
610
736
581
580
601
736
581
580
580
580
581
580
580
580
620
736
580
580
581
580
580
580
593
736
611
736
580
580
581
580
580
580
580
611
736
580
580
602
736
580
581
580
580
580
580
581
580
580
593
736
580
580
1182
736
580
581
580
580
580
581
580
1190
737
580
580
580
581
580
580
580
580
581
148
610
1356
736
619
736
581
580
580
581
580
580
580
581
580
580
580
581
580
580
593
736
580
581
580
580
580
581
632
149
1377
2040
1750
1981
580
580
581
580
580
580
580
581
580
580
580
581
580
8589
581
580
580
580
581
580
580
580
593
736
580
580
581
580
580
580
580
619
736
581
580
580
580
581
580
580
580
581
296
580
580
581
580
580
580
581
580
580
611
736
580
580
581
580
580
580
581
580
580
1191
736
580
581
580
580
580
581
580
580
580
581
580
580
581
580
580
580
581
580
580
580
580
581
580
580
580
581
625
580
580
581
580
580
580
581
580
580
580
581
580
580
580
581
580
610
737
580
637
736
581
580
580
580
581
580
580
580
581
580
580
580
581
580
580
580
581
1174
369
736
580
580
581
601
736
580
581
580
580
580
581
580
580
580
1103
5980
1049
580
580
581
580
592
737
580
580
580
581
580
580
580
581
580
580
580
581
580
580
580
581
580
580
580
581
580
610
737
580
681
581
609
736
581
580
619
737
580
580
580
580
581
601
737
9162
580
619
736
580
580
580
581
580
580
580
581
580
580
580
602
736
580
581
580
580
580
581
580
580
580
593
736
580
580
581
580
611
736
580
580
593
736
580
580
581
580
580
580
581
580
580
580
581
580
580
580
611
736
580
581
610
811
1049
580
581
600
737
619
736
593
736
580
580
581
580
580
580
581
580
580
580
580
581
580
580
580
620
736
580
580
593
736
580
581
580
580
1757
736
581
580
580
1596
1351
1048
580
602
736
580
620
736
580
580
581
580
601
737
580
580
601
737
984
581
580
580
581
609
737
580
580
580
620
736
580
581
580
580
611
736
580
580
581
580
580
580
581
580
592
736
581
580
580
580
581
580
580
580
611
736
580
580
580
581
610
736
581
610
736
581
580
601
736
610
736
581
600
736
581
580
580
580
581
580
580
602
736
592
737
8538
581
580
580
580
581
580
580
581
580
580
580
593
736
580
581
580
580
580
581
580
580
581
610
736
580
581
580
580
580
581
580
580
580
638
736
580
593
736
580
580
581
580
580
580
581
580
593
736
580
580
581
580
580
580
581
580
580
580
581
580
580
580
581
580
580
580
581
580
580
581
580
580
580
581
616
3892
737
580
580
580
581
580
1412
1048
581
601
736
611
736
580
581
580
580
144
580
593
736
580
581
580
580
580
581
619
736
580
581
580
580
620
736
580
580
581
580
580
580
581
580
580
580
581
580
592
737
580
580
580
581
1199
737
580
1190
736
580
581
580
580
580
581
580
639
74
737
580
580
580
580
581
580
601
737
580
580
580
581
580
580
580
593
736
580
580
581
580
580
593
736
580
580
581
580
580
610
736
8874
581
580
580
1199
737
580
580
580
581
580
580
580
581
580
580
580
581
580
580
580
581
580
580
580
580
581
580
580
581
580
580
616
580
580
580
581
580
580
580
581
580
580
581
580
580
588
923
737
3318
2077
2484
580
581
580
580
580
580
620
736
580
580
581
580
580
581
592
736
581
580
580
580
581
580
610
737
580
580
620
736
580
580
581
580
580
580
581
580
580
580
581
580
580
580
593
736
580
581
1190
736
580
581
580
580
593
736
580
580
581
580
580
580
602
736
656
736
580
580
581
580
580
580
581
580
580
581
580
580
580
581
580
580
593
736
580
580
581
580
580
602
736
580
580
581
580
580
580
581
580
580
580
581
580
580
580
580
581
601
736
602
736
580
581
580
580
580
581
580
620
736
580
580
580
581
580
611
736
11496
736
580
581
580
580
581
580
580
580
593
736
580
581
580
580
144
611
736
1177
736
682
736
580
634
580
580
580
620
736
580
580
581
580
580
580
602
736
580
593
736
580
580
581
580
580
580
581
580
580
580
581
601
736
605
83
736
580
581
580
580
581
580
601
737
580
580
580
581
580
580
580
581
580
580
580
581
580
580
580
581
580
580
580
581
580
580
580
581
1385
1048
581
140
144
296
580
581
580
580
581
580
580
580
593
736
580
581
580
580
580
581
580
619
736
580
580
581
580
580
593
736
580
580
619
737
580
601
736
581
580
580
580
581
580
611
736
580
580
580
581
580
580
580
1191
736
580
580
581
580
580
580
581
580
580
580
581
1182
736
580
580
619
737
580
580
580
580
581
580
580
580
581
580
580
580
603
129
648
2497
10450
1981
580
580
580
581
610
737
580
580
580
581
580
580
580
581
580
580
580
580
602
736
580
581
580
580
580
581
580
601
736
580
580
581
592
736
581
580
580
580
581
580
580
581
580
601
737
580
580
593
736
580
580
581
619
736
581
580
581
601
736
580
581
580
602
736
580
580
580
581
580
580
580
580
620
736
580
580
580
581
592
736
1200
737
580
593
757
1087
2037
1048
580
581
601
737
580
580
580
581
592
736
581
580
601
737
580
610
736
592
737
592
737
601
737
580
580
581
580
611
802
1048
581
580
580
580
593
736
580
580
581
580
1321
2381
2424
1980
580
580
581
580
580
580
619
737
580
580
580
580
581
912
580
581
580
580
580
581
580
580
602
736
580
580
581
580
580
580
581
619
736
581
580
580
580
581
580
9623
581
580
580
580
581
580
580
580
581
580
580
581
601
736
581
580
580
580
581
580
580
580
581
601
736
580
581
580
580
581
580
619
736
581
580
580
580
581
580
580
580
581
580
580
580
580
581
580
580
580
581
580
580
581
580
580
580
620
736
580
580
581
619
736
580
580
581
580
580
602
736
580
580
581
580
580
580
580
581
1385
1048
581
580
580
580
581
580
580
580
581
592
1329
736
580
581
580
580
602
736
580
580
581
592
737
592
7728
1048
1191
737
580
580
580
850
580
580
581
592
736
581
580
580
580
581
580
601
737
580
580
580
581
580
580
580
581
580
3482
592
736
580
581
580
580
581
580
580
580
581
580
580
580
581
580
580
593
736
580
8579
581
580
580
620
736
580
580
581
580
580
580
581
580
580
580
581
580
580
602
736
580
580
581
580
580
580
580
581
580
580
580
118515
580
580
581
580
580
580
581
601
736
602
736
580
581
580
580
580
581
580
580
580
581
580
580
580
581
580
602
736
619
736
580
581
580
580
580
1816
1419
1048
580
581
580
580
580
581
580
580
608
580
580
580
581
580
580
580
580
581
580
580
580
581
580
580
580
581
580
580
580
581
1421
1048
580
581
580
580
580
581
580
610
737
580
619
736
580
580
581
580
580
580
581
580
580
581
580
580
580
581
580
580
580
581
580
580
580
581
601
736
581
619
736
581
580
580
580
602
736
580
581
580
580
581
580
580
140
140
205
156
140
324
580
581
580
580
580
601
737
580
580
580
581
580
580
580
593
736
602
736
580
580
581
580
580
580
593
736
580
581
580
4320
3439
967
699
581
580
580
581
580
580
580
581
580
580
619
736
581
580
580
580
1182
736
581
637
129
1130
736
580
581
580
789
1656
829
1048
581
580
580
580
581
580
580
593
736
580
580
581
763
601
736
581
601
802
1070
2055
1048
580
581
580
580
580
580
581
580
580
580
580
581
610
736
580
580
581
580
1160
581
580
580
580
581
580
580
580
581
580
580
580
581
610
736
1191
736
580
581
580
611
736
580
580
581
580
580
580
581
580
580
580
581
580
580
580
581
580
580
580
145
580
580
580
581
601
736
611
736
580
581
610
736
580
581
580
580
580
580
580
581
580
580
580
581
580
580
580
581
580
580
611
736
580
580
581
601
736
602
736
619
737
580
580
580
581
580
580
580
581
580
580
580
581
592
736
581
8747
580
580
593
736
580
580
581
580
580
580
580
581
580
580
580
581
580
610
736
581
580
593
736
580
580
425
460
424
425
454
580
1923
772
736
464
580
424
424
446
580
424
425
424
424
464
580
424
424
455
580
424
425
424
424
424
425
424
424
424
425
436
580
425
424
424
454
580
446
580
425
424
424
424
425
463
580
425
445
580
425
424
424
424
455
580
425
445
637
736
424
425
424
424
424
446
637
736
424
437
580
424
424
1102
736
453
581
445
580
425
424
463
580
464
580
425
424
454
581
463
580
425
424
436
581
424
455
580
424
424
425
424
580
580
581
580
580
580
581
580
580
580
580
581
580
580
611
736
580
580
581
580
601
737
580
580
580
581
580
580
580
581
580
580
1191
736
581
580
580
580
580
581
580
580
580
581
580
581
580
580
580
620
736
580
581
580
580
580
580
581
580
580
581
580
580
8706
9114
736
580
580
580
581
580
580
580
581
580
580
580
581
610
736
580
581
580
593
736
580
580
580
581
579
581
580
580
580
581
580
580
581
580
580
580
581
580
580
580
581
580
580
580
581
580
617
580
580
580
581
580
580
144
581
580
580
580
1191
736
581
580
580
580
581
580
580
580
581
580
580
581
580
580
580
581
580
580
1218
736
580
580
581
580
580
580
593
736
580
581
1372
736
581
580
580
580
580
581
610
101
736
580
611
736
581
580
580
580
580
581
580
580
580
581
580
580
611
736
580
580
581
580
580
580
581
580
580
580
581
580
580
580
581
580
580
580
581
580
580
581
580
580
580
580
4329
580
580
580
581
580
580
580
581
580
580
580
581
580
699
737
580
580
580
581
1002
581
580
580
580
581
610
736
581
610
737
9550
580
580
580
581
580
580
580
601
737
580
580
580
581
580
581
580
592
737
580
580
581
619
736
580
581
580
580
580
581
580
580
620
736
580
580
581
580
580
580
581
1199
736
580
601
737
601
736
619
737
580
580
580
581
580
580
580
580
581
580
580
580
580
593
736
580
581
580
580
580
619
736
580
581
580
580
593
736
580
580
580
581
580
593
736
580
580
580
581
580
580
580
581
580
580
580
593
736
580
828
736
581
601
736
581
580
610
737
1015
736
581
3907
736
580
580
581
580
580
580
602
874
1049
580
580
580
619
736
581
580
580
580
581
601
736
581
580
580
580
581
1102
580
580
581
580
580
580
602
736
580
581
580
580
580
581
592
736
580
581
580
580
580
581
580
580
580
581
580
580
580
593
736
581
580
580
9640
580
580
581
580
580
580
581
580
580
619
737
580
580
580
580
580
593
736
581
580
580
580
580
581
580
580
580
581
580
580
580
581
580
580
580
580
581
580
610
736
580
580
581
580
580
580
581
580
580
580
593
736
580
581
580
580
580
144
581
580
580
580
581
580
580
580
581
580
1191
736
580
580
581
580
580
580
580
581
580
580
581
580
580
663
6918
736
581
580
580
580
581
580
580
611
844
580
581
601
736
619
736
580
580
581
580
580
580
581
580
580
580
554
619
736
581
580
580
580
581
580
580
580
581
580
580
580
580
580
581
580
580
580
581
580
580
580
580
581
580
580
625
610
737
580
580
580
581
580
580
581
580
580
580
593
736
580
581
580
580
581
580
592
737
580
580
667
102
736
8742
580
601
736
580
581
580
580
580
580
581
580
580
581
580
580
580
581
580
580
580
581
580
580
580
580
602
736
580
581
580
580
580
145
580
580
580
581
580
601
737
580
580
580
580
581
580
580
580
611
736
602
736
580
580
611
2333
1049
580
1783
736
581
580
580
580
581
580
580
580
581
580
580
580
581
580
580
581
580
580
690
408
655
736
580
593
736
580
581
580
887
736
580
580
581
580
580
580
581
580
580
580
581
580
601
737
580
580
580
581
580
580
580
144
581
580
610
737
580
580
580
611
736
611
736
620
736
581
580
580
581
580
580
580
581
580
580
580
581
580
619
737
580
580
580
581
580
601
736
581
580
580
580
581
580
580
602
736
580
611
736
580
580
581
580
580
580
581
580
580
581
619
736
581
580
580
580
581
580
610
9130
736
580
581
580
611
736
580
580
581
580
580
580
581
580
580
580
581
580
580
580
581
580
580
580
581
580
580
580
580
581
580
580
643
580
581
1015
736
1427
1779
1048
611
736
580
580
611
736
580
580
683
736
581
646
736
580
580
580
581
580
580
581
580
580
580
581
580
580
602
736
580
581
580
580
580
581
580
580
581
580
580
580
581
580
580
580
580
581
580
580
581
580
580
580
602
736
1199
737
580
580
580
580
581
580
580
581
580
581
580
580
580
581
619
736
581
580
580
580
581
580
619
737
580
611
736
140
580
581
580
580
580
580
581
580
580
581
580
580
593
736
580
581
580
580
580
602
736
580
602
736
619
736
580
581
580
580
580
619
736
580
581
610
737
580
580
619
736
580
593
736
580
580
602
736
580
580
581
580
580
580
580
8952
1123
2432
1312
1980
580
620
736
580
580
581
580
580
580
580
580
581
580
580
580
580
388
204
208
581
580
593
766
1048
581
580
580
581
610
811
1048
580
581
580
580
581
580
580
580
581
580
580
581
601
737
580
619
737
580
580
581
580
581
580
619
736
1993
1048
581
580
580
580
581
580
1173
736
580
580
581
619
736
580
580
581
580
580
580
580
581
580
580
580
581
580
580
1376
1048
581
580
580
140
580
581
580
580
580
581
580
580
580
581
1173
736
580
580
581
580
580
580
581
580
580
580
581
580
580
611
1338
736
580
580
581
580
601
737
580
580
580
581
580
580
593
736
580
580
581
580
580
580
593
736
581
580
580
580
580
581
580
580
1200
1173
233
197
133
149
133
2595
1048
580
580
580
581
580
1199
737
592
736
9018
580
602
736
580
580
581
580
580
580
581
580
601
737
580
580
580
581
580
580
580
581
580
592
737
580
580
580
581
580
580
602
736
580
580
581
580
580
601
120343
736
580
581
580
580
580
581
580
580
580
580
581
580
580
580
580
581
580
580
580
581
580
580
580
593
736
580
580
581
580
580
580
581
619
736
581
580
580
580
581
610
736
580
580
581
610
737
580
580
1200
736
580
580
581
610
736
1396
736
581
580
580
580
581
1181
1252
1048
961
1018
1048
581
580
580
580
580
952
1815
1048
580
581
580
1200
736
580
580
580
581
894
581
580
580
580
602
736
580
580
1360
1048
580
593
736
580
580
581
580
580
620
736
580
580
581
580
580
580
593
736
580
581
580
580
580
581
579
581
580
580
580
1199
1329
736
1948
1628
8449
1048
580
580
581
580
580
580
581
580
593
736
580
580
581
580
580
580
580
581
580
580
580
581
580
580
593
736
580
580
581
580
601
737
580
602
736
580
580
581
580
580
580
581
580
580
580
1200
736
580
580
593
736
580
581
580
580
580
620
736
580
581
580
580
580
581
580
580
580
581
580
580
580
580
581
580
580
580
580
581
580
580
580
581
580
580
1318
580
580
580
3425
736
580
580
581
750
581
580
580
580
581
601
736
581
580
580
580
581
580
580
580
581
580
580
581
580
580
580
581
580
580
580
581
580
580
580
581
580
580
625
581
580
580
580
581
580
580
580
581
580
580
611
736
580
581
619
736
580
581
580
580
580
602
736
580
581
1341
1048
580
580
581
580
592
737
580
580
580
581
580
592
737
580
580
580
581
610
758
1048
9310
580
580
580
1191
736
581
580
580
580
580
580
580
1182
736
581
580
681
736
581
580
580
580
581
580
580
580
581
580
580
580
581
1190
736
580
581
580
580
580
593
709
620
736
580
580
580
581
580
580
1173
736
580
580
581
580
580
580
580
1182
736
580
581
580
580
580
7895
736
580
580
581
580
580
580
581
580
580
580
581
886
737
580
580
580
581
580
580
580
581
580
580
580
620
736
580
581
580
580
580
140
164
141
140
580
580
580
581
580
580
580
581
580
580
580
581
580
580
580
581
580
601
737
580
580
1182
736
580
581
619
736
581
580
580
580
602
736
580
580
581
580
580
553
691
736
1161
129
895
1048
580
580
581
580
580
580
581
580
580
1191
736
602
736
1199
736
696
8416
580
580
581
580
580
580
580
580
581
580
580
580
581
580
580
580
4885
737
1703
736
581
580
580
581
580
1191
736
580
580
580
581
580
580
580
580
581
580
580
580
581
580
580
580
581
580
805
580
580
580
581
580
580
580
580
580
580
581
618
736
581
580
580
602
736
1191
736
580
580
593
736
580
580
580
581
580
580
580
581
580
580
580
580
581
580
580
580
581
580
580
580
580
581
580
580
580
580
1209
736
580
580
581
580
580
580
581
580
673
737
580
580
580
581
580
580
580
611
736
580
593
736
580
580
1173
736
581
592
736
581
580
580
580
683
736
593
736
580
580
581
580
580
580
581
580
580
580
581
580
580
610
736
580
581
580
580
580
580
580
581
580
580
580
581
580
580
580
580
1200
736
581
580
580
580
580
620
736
10311
736
580
580
593
736
580
581
580
580
580
580
581
580
592
736
581
580
580
1120
628
736
581
610
736
581
580
580
580
581
580
580
580
580
674
736
580
581
580
580
683
736
580
656
736
592
1338
736
581
580
580
580
580
581
580
580
580
581
580
580
593
1346
737
580
580
580
580
581
580
552
621
736
580
580
580
580
581
580
580
580
580
581
580
580
580
580
674
736
580
580
581
580
1394
1049
580
580
580
581
580
580
580
581
580
580
1200
736
610
736
580
581
580
665
766
1048
602
736
580
580
581
580
144
580
611
736
580
580
580
1182
736
611
736
580
580
580
1395
1048
581
580
1067
737
580
1517
736
581
580
580
1191
736
580
580
580
581
580
602
736
580
580
581
580
580
580
580
602
736
615
227
1018
1049
8821
580
580
580
674
736
580
1173
736
581
580
580
580
580
581
580
1190
737
580
580
580
581
580
580
580
580
593
736
580
581
580
144
580
581
580
580
580
580
581
580
580
580
581
580
580
580
581
580
580
580
580
581
580
619
737
580
580
580
580
581
601
736
581
580
580
580
581
580
580
610
736
581
580
601
736
581
580
580
580
581
580
580
580
581
580
580
580
581
580
580
580
581
580
580
580
581
580
580
580
581
580
1280
1487
153
83
736
581
580
580
619
736
581
580
580
580
580
581
580
580
1182
736
580
2427
736
1105
2004
1048
580
580
581
618
737
580
580
580
580
581
673
737
580
580
580
1173
736
580
580
581
580
580
581
580
592
854
580
580
581
580
580
580
580
581
592
736
581
580
580
580
581
601
736
581
580
580
580
581
580
580
580
602
1347
8821
736
619
737
580
580
580
593
736
580
581
580
580
580
602
736
580
580
581
580
580
580
580
580
581
580
592
737
580
580
580
580
581
580
580
580
581
580
580
611
736
580
580
581
682
736
592
737
580
580
580
581
580
580
580
580
581
580
580
580
581
580
580
580
580
581
580
580
581
580
580
580
581
580
634
580
580
581
580
580
580
581
580
580
580
8535
1048
581
580
619
737
580
580
580
581
580
580
580
581
580
580
580
581
580
580
580
581
580
580
580
580
581
580
580
1043
736
580
619
737
580
580
580
581
580
580
580
581
580
580
580
581
580
580
580
593
736
580
581
580
580
580
581
580
580
580
581
580
580
593
736
580
580
581
580
580
580
581
610
737
580
580
580
581
580
580
580
580
581
619
8484
736
580
580
581
1173
736
580
580
580
593
736
580
144
581
580
580
580
580
581
580
601
736
581
580
580
580
580
581
580
580
580
581
580
580
580
580
581
592
736
581
580
580
580
581
682
736
619
736
580
580
593
736
593
736
580
1173
736
580
895
705
155
737
1248
736
1227
1914
1048
581
580
580
580
581
580
580
580
1424
736
581
592
736
581
580
580
1121
580
580
580
580
581
580
580
1173
736
581
580
580
144
580
581
580
580
619
736
580
581
610
736
619
736
580
611
736
581
580
580
580
593
736
580
580
593
736
580
593
736
581
580
580
580
580
580
628
737
580
580
580
580
581
580
580
602
736
580
580
581
580
580
580
620
736
580
581
580
580
580
602
736
580
580
581
580
580
580
580
581
580
580
580
581
580
580
580
580
581
140
188
8707
580
580
581
580
580
580
581
580
619
736
581
580
580
580
581
580
1182
736
580
580
580
581
580
580
620
736
580
580
581
580
580
580
580
581
580
580
580
581
580
580
580
580
581
580
580
580
581
610
1281
1741
1857
2245
1596
269
794
1980
581
580
580
580
580
581
580
580
580
581
580
580
611
736
580
581
592
736
580
581
1190
736
580
580
580
581
580
580
580
581
580
580
580
593
736
580
580
581
580
580
611
736
580
580
580
619
736
580
581
580
552
1404
1048
619
736
580
602
736
580
580
581
1172
736
581
580
602
736
580
1200
736
580
580
580
581
580
580
580
1200
749
1078
1981
1173
736
580
619
736
580
580
581
580
580
580
580
581
580
580
580
620
736
580
581
580
601
737
580
580
581
601
736
9736
1884
736
580
580
581
580
580
593
736
580
580
581
580
580
580
581
580
580
580
581
580
580
580
89331
581
592
737
580
580
581
9098
580
581
580
895
580
580
581
580
580
580
581
580
580
593
736
580
581
580
580
611
736
580
611
736
580
580
581
580
580
580
581
580
580
580
581
580
580
581
592
736
581
580
580
580
581
580
580
580
581
580
580
581
580
580
580
581
580
580
580
581
580
580
580
580
581
580
634
581
580
580
580
610
736
601
736
619
736
580
581
580
580
580
581
580
580
580
580
581
580
610
736
580
580
581
945
1561
736
581
580
580
580
581
580
580
580
602
736
580
581
580
580
580
1191
736
581
580
580
580
580
581
580
580
580
581
580
580
580
580
581
580
580
580
580
581
601
736
619
737
580
580
580
1191
736
581
580
580
4309
1691
1643
2028
1048
580
1395
1048
580
581
580
580
611
736
580
580
581
580
8870
580
189
580
580
1173
736
580
580
581
580
580
580
581
592
736
581
580
580
580
581
580
580
580
580
581
31228
580
581
580
610
736
580
581
580
580
580
581
580
580
1404
1048
580
580
581
580
580
580
580
581
618
737
580
580
580
581
618
737
649
83
736
581
580
580
580
581
580
580
602
736
140
140
145
140
144
140
580
580
581
580
580
7581
737
601
736
602
736
580
580
581
580
580
580
581
580
580
580
581
580
580
580
581
580
643
580
580
581
580
580
580
581
580
580
593
736
580
580
581
580
580
580
581
592
736
581
580
580
8684
580
581
580
580
580
581
580
580
580
581
580
580
144
213
188
580
580
581
580
580
580
581
580
580
580
580
581
580
619
737
580
580
580
581
580
580
581
580
580
580
581
580
580
580
602
736
580
581
580
580
581
580
580
580
652
92
736
580
580
581
580
580
581
580
580
580
668
138
847
133
110
1049
580
580
580
581
580
580
580
602
736
580
581
580
580
580
581
580
580
1377
1048
581
580
580
581
580
580
580
581
580
580
580
581
580
580
580
602
736
580
581
580
580
5409
601
737
619
1966
5661
1980
580
581
580
580
611
736
580
580
581
580
580
581
580
1191
736
580
580
581
580
580
580
581
580
144
602
736
664
737
580
580
580
611
736
580
581
580
601
737
580
580
580
581
8599
580
610
736
581
580
593
736
580
580
581
580
580
611
736
580
580
581
580
580
581
580
580
580
580
580
1173
736
581
580
580
580
620
736
580
581
580
580
580
602
736
580
581
580
580
581
580
580
580
581
580
580
580
580
581
580
580
580
581
580
580
580
580
581
580
580
580
7564
580
580
581
610
736
581
580
580
580
581
580
580
580
581
610
736
1191
736
580
580
581
580
580
580
580
581
580
580
580
661
662
737
580
580
580
581
580
1173
736
580
580
581
580
580
580
581
580
592
737
580
580
580
602
709
629
736
580
580
581
580
580
580
581
580
580
580
581
580
580
580
581
580
580
580
581
580
580
580
581
580
580
580
620
736
581
1172
737
580
580
611
736
580
580
580
581
580
580
580
581
580
580
593
736
580
580
1190
737
580
580
580
6628
2227
580
581
580
580
580
593
736
580
581
580
580
580
581
580
580
580
581
580
580
580
602
736
610
737
580
580
580
611
736
580
611
736
580
581
580
580
580
581
580
580
580
581
580
580
580
581
580
580
772
1574
1509
3631
1980
580
580
581
580
580
580
581
580
697
581
580
580
580
581
1181
737
580
580
1433
736
580
581
580
580
593
736
580
580
581
580
580
580
581
580
602
736
580
580
580
581
580
580
580
580
581
424
424
424
133
424
424
424
455
580
424
455
580
424
425
424
424
424
425
436
581
424
424
424
870
580
425
463
580
424
424
425
463
580
425
424
454
581
869
593
736
424
425
436
580
425
424
424
455
1026
1043
581
424
454
581
424
424
424
425
424
424
463
580
425
424
424
424
425
424
424
463
580
424
455
580
879
580
424
464
580
424
870
646
736
424
424
464
580
424
424
437
2958
6574
683
736
580
580
580
581
580
580
581
580
580
580
581
601
736
611
736
580
580
581
580
580
580
580
581
580
580
4205
580
581
580
580
581
610
736
580
581
580
601
737
580
581
580
580
581
580
619
793
1048
580
602
736
580
580
581
580
580
580
581
580
580
619
737
580
580
580
581
610
736
581
580
580
593
736
580
580
581
1432
736
581
580
580
611
736
580
580
581
580
580
580
581
580
580
593
736
580
580
581
580
580
581
580
601
737
580
580
580
581
580
580
580
580
581
580
580
581
580
580
580
581
592
736
581
580
580
580
581
580
601
736
580
580
581
580
580
580
581
601
736
611
736
580
581
580
580
581
580
580
580
581
580
592
737
580
580
580
581
580
580
611
1792
1803
3320
1048
580
580
581
580
580
580
581
592
736
9351
580
580
581
580
580
580
581
580
580
580
581
580
580
581
610
736
1190
737
580
580
580
611
736
580
581
580
580
593
736
602
736
580
580
580
581
580
580
580
581
580
188
580
580
581
580
580
580
581
580
580
580
620
736
580
580
580
580
581
580
580
580
580
581
580
580
580
580
581
580
580
580
581
580
601
737
580
580
580
580
581
580
580
580
581
580
580
580
581
580
580
580
580
581
580
580
580
581
580
580
580
593
736
1191
736
580
1190
736
581
580
140
580
602
736
580
619
736
580
581
580
593
736
580
580
580
581
580
593
736
580
580
581
580
580
580
602
736
580
2126
737
580
1443
736
1358
736
620
736
580
593
736
620
736
580
581
580
580
580
580
581
679
580
580
580
581
592
736
580
581
580
580
580
593
736
580
581
580
580
602
736
9523
580
580
580
581
580
593
736
580
580
581
580
619
736
580
580
580
581
580
580
580
580
581
580
140
140
580
581
580
580
580
602
736
580
580
580
581
580
580
580
593
736
580
580
581
580
580
580
580
581
580
580
580
581
580
580
580
581
580
580
580
580
581
580
580
580
581
580
633
580
581
619
736
581
580
580
580
581
580
580
580
581
580
580
580
581
580
580
580
581
580
580
580
581
878
736
580
580
581
580
580
580
581
580
7859
736
619
736
580
581
580
580
581
580
580
580
580
581
580
580
580
581
619
736
580
580
580
580
580
581
580
580
580
580
581
580
580
580
581
949
580
581
580
580
580
581
580
580
593
736
580
580
581
580
580
683
736
592
737
580
620
736
580
580
581
601
736
619
766
10112
580
580
581
580
580
580
581
580
580
581
580
619
736
580
580
581
580
580
580
581
609
737
580
600
737
580
580
580
581
580
580
580
2010
1048
581
580
580
619
736
580
581
580
580
580
581
580
580
580
580
581
580
580
580
581
580
580
580
1191
736
580
581
580
580
580
674
736
580
581
580
580
580
619
736
581
580
580
1203
964
5378
2055
1048
619
736
580
580
581
580
619
737
580
580
898
736
581
580
580
581
580
580
580
611
736
580
581
580
580
580
580
593
736
580
581
580
580
580
620
736
581
580
580
580
581
580
580
580
581
580
580
580
581
580
580
581
610
736
580
581
592
737
580
580
580
581
601
736
581
580
580
580
581
580
580
581
580
580
620
736
580
580
581
580
580
580
581
580
580
580
581
580
580
580
9533
580
580
581
580
580
580
580
581
580
580
580
581
580
620
736
580
580
581
580
580
87574
580
580
581
580
580
580
581
580
580
602
736
580
580
581
580
602
736
601
737
580
580
580
580
9224
601
737
580
580
580
581
580
580
580
581
580
592
737
580
580
580
580
1776
1261
1483
2559
1048
581
580
580
580
581
580
1003
580
580
581
580
580
593
736
580
580
581
580
580
620
736
580
580
581
580
580
610
737
580
580
580
580
581
580
580
580
581
580
580
1413
1048
581
580
580
580
581
580
580
593
736
619
736
580
580
581
580
592
737
580
580
580
580
581
580
580
593
736
580
581
580
580
611
736
581
580
580
580
581
1190
737
580
580
601
737
580
580
580
580
580
581
580
580
580
581
580
580
580
581
580
580
580
581
580
580
580
580
581
580
580
580
625
593
736
140
140
140
237
580
580
580
581
580
580
580
580
620
736
580
581
580
580
611
736
580
580
581
580
580
581
580
580
580
581
601
736
581
580
610
7770
892
135
736
593
763
138
83
1049
580
580
580
580
581
580
580
580
950
580
580
580
581
580
580
580
581
580
580
580
581
580
580
580
581
580
592
737
580
580
580
580
581
580
580
580
581
580
580
580
581
580
580
581
580
580
580
580
581
610
737
580
580
611
736
580
580
581
580
580
580
581
580
580
580
581
580
580
620
736
580
580
581
580
580
580
581
580
580
581
580
580
580
580
581
580
580
580
581
580
580
580
581
580
580
580
894
581
580
580
580
581
580
580
580
581
580
580
581
580
580
580
581
580
580
580
581
580
580
602
736
580
581
580
580
580
30668
581
580
580
9520
580
580
581
580
580
580
581
580
580
580
581
580
616
581
580
580
580
581
610
736
581
580
580
580
581
580
580
580
581
580
580
580
580
581
580
580
580
1412
1667
736
580
1182
736
580
581
580
580
580
602
736
1173
736
580
581
580
580
580
581
580
580
580
580
580
581
580
580
580
581
580
580
580
593
736
1191
736
580
580
581
580
580
580
620
736
580
580
581
580
580
580
580
593
736
580
581
580
610
737
580
580
580
580
581
580
580
580
581
580
580
610
736
581
580
580
580
581
580
580
580
581
580
580
611
2772
1048
1373
1687
1048
580
580
581
580
580
580
593
736
581
580
580
580
580
602
736
620
736
580
580
581
580
580
593
736
580
580
581
580
580
619
736
580
580
581
580
620
736
580
580
580
581
679
581
580
144
8720
580
581
580
580
580
581
580
580
580
581
580
7149
581
580
580
580
580
581
580
580
580
581
580
580
580
581
580
580
610
736
581
610
736
611
736
593
748
1048
581
580
580
580
581
580
593
736
580
580
580
580
581
618
737
580
580
580
581
610
736
581
580
580
580
610
737
1172
737
580
580
580
581
580
580
610
736
580
581
601
736
581
580
580
580
581
580
580
581
580
580
580
581
580
580
580
581
601
736
593
736
581
580
580
580
581
601
736
610
736
580
581
580
580
580
1191
1799
3318
2046
1048
619
736
580
580
580
581
580
580
580
581
1074
580
581
580
580
580
611
736
580
581
619
736
580
140
141
148
140
580
580
581
580
580
593
736
580
580
581
580
580
593
736
580
580
581
580
580
9588
602
736
580
602
736
580
580
580
581
580
580
580
580
581
580
580
580
580
581
580
611
736
580
580
580
694
737
580
580
580
580
581
601
736
581
580
654
83
736
581
580
580
580
581
580
580
580
620
736
580
581
580
580
581
580
580
580
581
580
580
580
581
601
736
611
736
580
581
580
580
580
580
581
580
580
580
581
580
580
580
581
580
580
580
1390
1279
1048
580
580
611
736
580
580
620
736
580
581
580
580
580
2967
1049
580
580
580
611
736
580
581
580
592
1347
736
581
580
580
580
581
580
580
593
736
580
580
580
581
580
580
580
580
581
580
580
580
602
736
580
581
580
580
580
581
580
580
580
581
580
580
580
581
580
580
580
656
736
1448
1048
580
581
580
580
637
736
610
737
580
580
580
593
736
580
580
581
580
601
736
581
580
580
9630
580
580
581
580
580
580
580
580
593
736
580
581
580
580
580
620
736
580
580
581
580
580
580
212
217
580
580
580
581
580
580
580
580
602
736
580
581
580
580
580
581
5431
736
580
580
581
580
580
580
581
580
580
619
737
580
580
580
581
580
580
580
602
736
580
922
580
581
580
580
580
581
580
580
581
619
736
580
581
1181
736
581
580
580
580
581
580
580
580
580
581
601
736
581
580
580
581
580
580
580
581
580
580
580
581
580
580
580
581
580
580
1200
736
580
581
580
580
580
581
580
580
1182
736
580
674
736
580
581
580
580
580
580
581
618
737
580
580
580
581
580
580
580
581
580
580
580
581
580
580
581
580
580
580
580
620
736
620
736
581
580
580
602
766
1048
581
580
1741
580
580
580
581
580
580
12181
2021
1608
1048
580
580
620
736
580
580
580
581
580
611
736
580
580
581
580
580
580
581
580
580
580
581
580
601
736
581
580
580
580
734
580
580
581
580
580
580
580
602
736
620
736
580
580
581
580
580
1182
736
580
581
580
580
580
581
580
144
580
581
580
580
1386
1048
581
610
737
580
580
580
580
581
580
580
580
581
580
580
580
611
736
581
580
580
580
581
580
580
580
581
580
580
619
737
580
580
580
580
581
592
737
580
601
737
580
580
580
581
580
580
581
580
580
580
581
610
736
580
581
580
580
580
620
736
580
580
581
619
736
581
580
580
581
580
580
593
736
580
580
581
580
611
736
580
580
581
580
610
737
580
580
611
736
580
580
602
736
581
619
736
580
580
580
581
3895
737
8570
580
620
736
580
580
581
580
580
580
581
580
580
887
580
580
580
581
580
580
580
581
580
580
580
581
580
580
619
736
581
580
580
580
611
736
580
581
580
580
580
580
581
580
580
580
581
601
736
581
580
619
736
580
580
581
610
736
580
580
620
736
580
581
580
580
580
581
580
580
580
581
580
580
580
581
1412
1048
580
581
592
736
581
580
580
580
580
620
736
580
580
581
580
682
737
580
611
736
236
580
581
580
580
580
581
580
580
580
581
580
580
580
581
580
580
580
581
580
580
581
580
580
580
580
602
736
580
581
580
580
580
581
580
580
619
736
580
580
580
581
601
1700
1213
1231
2843
1048
581
580
580
580
610
736
611
736
580
593
736
580
581
580
580
580
581
580
580
580
581
580
580
580
581
580
580
581
642
581
619
9550
736
580
581
580
580
580
581
610
736
580
580
611
736
580
580
581
580
602
736
580
580
580
581
580
580
580
581
610
736
581
580
611
736
580
580
581
580
580
580
581
580
580
580
581
580
580
580
581
580
580
580
581
580
580
580
581
580
580
581
624
581
580
580
580
581
877
736
581
580
580
580
581
580
580
580
581
580
580
580
581
580
580
580
581
580
580
581
580
580
580
581
580
580
626
628
736
580
620
736
593
736
580
580
620
736
580
580
581
580
580
580
581
580
580
580
581
580
580
580
580
593
736
580
581
580
580
580
581
610
736
580
4309
2314
1049
580
580
580
620
736
580
581
580
580
580
611
736
581
580
580
592
737
580
580
580
581
580
662
736
580
581
580
580
580
581
580
580
611
8606
736
581
580
580
580
581
580
580
580
581
619
736
581
580
580
580
581
580
580
620
87395
736
602
736
580
580
581
580
580
580
581
580
580
610
736
601
736
592
767
1048
9464
580
580
580
581
580
580
619
736
581
615
75
737
580
580
581
580
580
580
581
580
580
580
581
580
580
620
736
609
737
580
580
620
736
580
581
580
610
737
580
580
580
602
811
1048
581
580
580
593
736
580
580
581
580
580
580
581
580
580
581
580
580
580
620
736
580
580
580
581
580
611
1963
5330
1993
1048
580
643
580
580
581
580
580
580
581
580
580
580
581
580
580
580
581
601
736
581
580
580
580
581
580
580
580
620
736
1182
736
580
580
581
580
610
736
580
581
619
736
581
580
580
580
580
581
580
580
580
580
683
736
580
580
620
736
580
580
580
581
580
580
580
602
736
580
581
580
580
580
580
611
736
580
581
580
580
580
581
580
580
580
580
602
736
580
580
611
9320
737
580
580
580
581
580
580
580
581
580
580
580
581
592
736
581
580
580
580
1182
737
580
580
580
581
580
580
580
581
580
580
602
736
580
602
736
580
581
580
619
1462
1049
1729
736
581
1416
736
619
736
580
581
580
580
580
581
580
580
580
1067
580
580
580
665
736
580
593
736
580
581
580
580
1424
736
581
592
736
581
580
580
580
580
581
580
580
581
592
736
581
580
580
580
581
619
736
619
736
580
580
581
580
1173
736
580
580
580
581
580
580
593
736
580
580
580
581
580
601
737
592
736
581
580
580
580
611
736
580
581
580
1386
1658
736
580
581
637
736
580
1173
736
580
581
580
580
580
581
580
619
737
580
580
580
580
581
580
593
736
580
580
580
581
580
580
602
736
580
580
581
580
580
580
581
2353
7336
1346
736
570
603
736
6857
1048
581
1199
736
601
737
580
580
570
612
736
580
580
581
580
601
1006
581
592
736
1200
736
30865
647
1347
727
610
1338
736
581
580
580
580
581
580
580
580
581
580
580
580
581
619
736
581
619
736
581
580
593
736
580
580
580
1200
736
580
581
580
592
737
580
580
611
736
580
580
581
580
580
580
581
580
580
580
580
581
618
737
580
1200
736
580
580
581
580
580
580
581
601
736
602
736
580
145
144
140
304
580
581
580
580
602
1351
1987
11997
1659
1355
1356
1355
736
602
736
580
581
1181
737
580
580
580
581
678
736
580
580
620
736
580
580
581
580
580
615
421
737
580
580
602
736
580
580
821
83
736
581
580
619
737
580
580
580
580
581
580
580
581
610
736
581
580
580
580
580
581
580
580
580
581
580
580
580
581
580
580
580
581
580
1445
736
581
580
580
580
581
580
580
580
581
580
580
580
581
580
580
580
602
736
580
593
736
611
736
580
580
581
580
580
593
736
602
736
580
580
580
581
580
580
580
580
581
580
580
580
581
580
580
580
581
580
580
580
581
580
610
736
580
581
580
580
602
736
1182
736
580
581
580
580
580
581
580
610
737
2520
1225
2715
2010
1048
580
620
736
1173
736
580
881
736
580
581
592
736
8469
580
1200
1346
1355
1347
1356
736
601
736
581
592
736
581
580
580
593
736
1394
1048
581
580
580
610
737
580
580
620
736
580
581
609
736
581
580
580
581
580
580
580
593
736
580
581
580
580
620
736
580
1191
736
580
3079
580
580
581
580
580
1454
737
601
736
581
580
580
580
602
736
580
581
580
580
580
581
580
580
580
580
611
736
580
581
580
593
736
580
580
581
580
580
580
581
610
736
593
1337
737
580
580
580
581
1191
736
580
610
736
581
1621
4023
1048
580
581
580
580
580
581
580
996
580
580
581
619
736
655
736
581
580
592
737
580
580
619
737
580
580
580
581
580
580
580
581
580
580
580
581
580
580
580
581
580
580
580
581
580
580
580
581
580
9122
1200
1329
736
1182
736
1200
736
580
610
736
580
581
580
580
580
1191
737
580
580
580
581
580
592
737
580
580
580
620
736
580
610
736
581
580
580
580
581
580
580
580
580
602
736
580
602
736
602
736
580
580
580
581
580
580
580
580
581
580
580
580
581
580
580
580
887
737
580
580
580
581
580
580
580
581
580
610
1347
2149
3455
1048
580
602
736
580
580
581
580
580
580
1182
736
593
736
580
581
607
581
580
580
593
736
601
736
581
580
580
580
593
736
580
581
580
580
580
580
581
601
737
580
619
736
580
581
580
580
602
736
580
580
580
581
580
580
580
581
1173
736
580
580
580
610
736
1173
737
580
580
580
580
581
580
580
580
581
580
580
580
581
580
580
581
601
736
581
580
580
580
581
579
581
580
8520
580
1199
1338
736
1173
736
580
580
581
580
580
580
581
601
736
581
580
580
580
580
580
581
580
580
580
580
581
1191
736
580
580
580
581
609
736
593
736
580
581
580
580
580
581
580
580
580
581
580
580
580
611
736
580
581
580
580
581
601
736
581
580
580
580
581
580
580
1673
1048
581
580
580
580
778
580
593
736
602
736
580
581
580
580
580
581
580
580
580
602
736
580
581
580
580
580
581
580
602
736
592
737
580
580
580
581
592
736
581
580
580
580
581
580
580
581
580
580
580
581
580
580
611
736
580
580
581
580
580
580
602
736
1191
736
581
580
580
580
1182
736
581
580
580
580
581
580
580
580
581
580
580
581
592
736
581
580
580
580
581
580
620
736
580
580
581
580
580
619
1329
736
580
580
581
580
1182
736
580
580
580
1182
736
602
9091
736
1191
1329
1329
1364
1329
736
581
580
580
593
736
601
737
580
580
580
580
581
580
580
580
581
580
580
580
581
580
580
1182
736
593
736
7555
580
580
581
580
580
580
888
736
580
580
593
736
580
581
580
580
580
581
580
610
737
580
580
581
580
580
580
581
580
580
580
611
736
580
593
736
580
581
580
580
581
580
1182
736
619
737
580
580
580
581
580
580
581
580
580
580
581
580
580
620
1328
737
580
580
602
736
580
581
580
580
580
581
580
580
580
581
691
737
580
580
611
736
551
1459
1049
619
736
581
580
580
580
581
580
580
580
580
581
580
580
580
581
592
736
581
580
580
580
619
736
580
581
580
1199
737
580
580
580
581
580
580
593
736
580
580
581
9013
610
736
581
580
592
737
580
580
1191
736
593
943
580
580
580
581
580
580
580
581
580
580
619
737
580
580
580
581
618
736
581
580
580
620
736
592
737
580
580
580
580
611
736
580
581
580
602
736
580
602
736
580
580
581
580
580
580
581
580
592
737
580
1182
736
580
581
580
580
580
581
580
580
580
581
580
619
737
580
580
580
581
580
580
580
581
580
580
593
736
580
581
1190
736
619
736
580
580
581
580
580
580
581
580
580
581
580
580
580
610
1356
736
581
580
580
580
581
580
580
611
736
580
581
580
601
737
580
580
580
581
580
580
1404
1048
610
737
580
580
580
611
736
580
581
618
736
581
580
5056
737
580
580
1190
736
580
581
580
619
736
580
580
581
580
580
580
9738
1355
1338
1338
89608
1338
2113
1668
736
580
581
580
593
736
580
580
581
580
580
619
726
602
737
580
580
602
736
580
580
580
9468
1173
2140
2407
1048
580
581
1173
736
570
612
736
580
580
581
618
737
580
580
580
581
580
580
580
580
1191
736
581
580
580
580
580
581
580
580
580
581
580
580
580
580
602
736
580
581
580
580
580
581
580
580
580
581
1386
1048
580
580
581
580
580
580
581
580
580
581
580
580
1173
1338
736
580
580
581
580
1191
736
593
736
2236
1198
1048
932
736
1294
736
580
580
611
736
580
580
581
601
736
581
580
580
581
580
580
580
581
859
1191
736
580
581
580
610
737
580
580
580
581
580
580
580
581
592
736
581
580
1358
1049
580
619
737
580
619
736
581
580
601
737
601
736
581
592
736
581
580
610
737
580
580
580
581
601
736
581
580
580
8768
581
1181
737
580
592
737
1190
737
569
612
737
1181
737
580
580
611
736
580
580
581
580
592
737
1172
737
580
580
1262
737
580
580
580
581
580
610
737
580
580
580
580
581
619
736
581
580
580
551
640
736
580
581
580
1181
736
580
581
580
580
1406
736
581
580
580
581
580
580
580
581
580
580
580
581
580
580
4301
736
593
736
580
580
581
580
580
581
580
580
580
4758
736
580
580
581
580
580
580
581
580
580
580
581
1190
737
580
580
580
580
593
736
580
1173
736
611
736
580
581
592
726
612
736
1182
736
581
580
580
580
581
580
592
736
581
580
580
580
610
737
610
766
1049
580
592
737
580
580
1182
736
580
581
580
580
602
736
580
580
581
1181
737
580
580
581
580
8528
1173
727
602
727
628
736
1173
1347
1346
736
924
736
570
612
736
581
580
580
580
593
736
580
581
580
580
611
736
580
580
581
580
580
580
593
736
581
580
580
620
736
1639
736
3850
736
580
657
84
736
580
580
581
580
580
580
581
580
930
581
580
580
628
737
1059
737
580
601
737
1190
737
580
580
580
581
580
580
581
580
144
580
619
1346
736
580
580
581
580
580
611
736
580
580
602
736
580
581
580
580
580
580
581
580
580
580
601
736
581
580
580
1191
736
580
581
580
580
580
581
580
580
580
581
580
580
593
736
580
580
581
580
580
581
619
736
581
580
580
580
581
580
602
736
580
580
581
580
580
580
581
580
592
737
580
580
580
581
580
580
602
736
611
736
580
580
580
8697
655
736
1191
2149
1668
736
580
581
30479
580
1442
1337
736
611
1347
736
580
1182
736
581
580
580
580
581
580
580
581
580
580
580
581
580
580
580
581
580
580
593
736
1182
736
580
620
736
580
620
736
580
580
581
580
580
580
581
580
580
580
580
581
580
683
736
580
619
736
581
580
580
580
581
580
592
737
580
580
580
611
736
580
581
580
580
580
581
580
580
580
581
580
580
580
611
736
580
580
593
736
580
580
581
592
736
580
581
580
580
580
581
580
610
737
580
580
580
580
581
580
580
580
1191
2988
11906
3349
1291
580
1191
736
581
580
1993
1048
580
580
580
620
736
580
581
580
580
580
581
580
580
580
580
581
580
580
580
581
580
580
580
581
580
592
737
580
580
580
581
580
580
580
580
611
736
580
888
736
580
581
610
736
581
580
580
620
736
580
580
580
581
580
580
610
736
581
580
580
580
581
580
610
736
581
580
580
580
581
580
580
580
580
581
580
580
581
770
736
580
593
736
580
581
580
580
593
736
580
580
581
580
580
580
611
736
580
581
592
736
581
580
580
580
581
580
580
581
580
580
580
581
580
580
1173
736
580
581
580
580
580
593
736
580
581
580
580
593
736
580
580
581
580
580
580
611
1346
2038
1627
3288
1048
580
581
958
580
1173
9517
1356
726
603
3900
2443
1048
580
581
580
580
580
581
580
602
736
580
580
581
580
580
580
581
580
592
736
581
580
580
581
601
736
581
580
580
580
581
580
580
580
581
580
580
580
581
580
580
593
3057
580
580
581
580
580
580
581
580
580
580
581
580
1424
736
581
580
580
580
581
619
736
581
580
580
619
736
581
580
580
1191
736
580
581
580
580
581
619
736
602
736
580
580
1182
737
580
580
580
581
580
580
580
1199
737
580
580
580
580
581
580
580
602
736
580
580
144
581
610
736
1693
1186
849
1849
1263
287
212
581
580
580
580
581
580
580
140
581
580
610
737
580
580
581
580
619
737
924
580
581
580
580
580
581
580
580
580
619
736
580
581
8957
1191
1345
821
1757
737
580
580
580
593
736
580
581
580
580
580
619
736
580
581
592
736
581
580
580
580
611
709
647
736
580
580
580
581
1199
737
580
580
580
611
736
611
736
580
580
580
581
610
736
602
736
580
581
580
611
736
580
580
602
736
580
580
581
580
580
580
581
580
580
580
2446
1993
1048
580
580
1182
736
581
580
580
593
736
580
580
581
580
580
580
581
580
4355
1991
1321
1992
1048
581
580
580
580
581
580
580
580
581
580
580
580
581
580
580
580
581
580
580
602
736
607
580
580
581
580
580
1200
1338
736
619
737
580
580
580
581
580
580
581
580
580
580
580
581
580
580
593
736
580
580
581
580
580
580
581
580
580
580
8976
580
1200
726
612
736
1173
736
580
1191
736
879
580
424
446
580
424
437
580
424
544
580
425
436
628
736
455
637
736
424
464
580
424
437
619
737
424
424
424
437
580
424
455
580
424
425
454
620
736
424
437
580
424
424
446
637
737
424
424
424
425
445
580
425
445
581
424
424
424
437
580
425
445
580
437
580
424
879
580
424
425
463
1004
1612
4346
2001
1993
2019
2020
1980
580
580
581
634
580
581
580
580
580
581
580
580
580
581
610
736
580
580
581
580
610
737
580
580
581
580
580
580
580
581
580
580
580
581
580
580
580
581
580
580
593
736
580
144
145
144
144
144
144
145
580
619
736
580
581
580
580
581
601
736
580
581
580
580
581
580
610
737
580
580
611
736
580
580
1992
1049
580
580
580
581
580
580
580
581
580
580
580
581
8491
1172
1347
736
1173
1338
736
580
581
580
580
580
580
581
580
1199
737
1199
736
581
580
580
580
581
580
580
580
580
581
592
737
580
580
580
580
581
580
580
580
602
736
580
581
580
580
580
1199
1261
1861
2793
1142
1992
3340
2010
2010
2056
1980
580
580
580
581
580
580
619
736
1200
736
581
610
736
581
580
580
570
612
736
610
736
580
602
736
611
736
580
580
581
610
736
581
580
580
580
581
580
592
737
580
593
736
580
580
580
1191
736
581
580
580
580
611
736
602
736
580
581
601
736
581
580
580
581
580
580
580
581
580
580
580
581
580
580
580
581
580
580
580
602
736
1200
736
1173
736
581
580
580
581
580
580
580
581
580
601
737
580
580
580
581
580
9326
1338
736
580
1173
1355
87326
736
580
580
581
580
593
736
610
737
580
580
593
766
1048
581
580
580
580
581
580
580
580
581
580
9276
580
580
1182
736
1199
1355
1240
581
580
580
580
581
580
580
580
581
601
737
580
580
580
581
580
580
580
611
736
580
581
580
580
602
736
580
580
581
580
580
580
581
580
593
736
580
580
581
580
580
580
581
580
580
580
581
580
580
580
580
581
580
580
580
581
580
1377
1048
619
736
580
580
580
581
601
736
581
580
580
580
580
581
1190
737
580
580
580
611
736
580
580
580
581
580
580
580
619
736
580
581
580
580
580
581
580
580
580
581
580
580
580
581
610
736
580
580
581
580
636
737
580
593
736
1173
736
580
580
581
592
736
581
580
580
1173
736
581
580
580
580
581
580
611
1527
2197
3243
1048
1200
1355
737
580
580
580
580
1200
736
581
580
580
580
581
985
580
581
580
580
580
581
580
580
8622
1199
1329
2148
1048
610
736
581
580
1182
736
619
737
580
580
580
581
580
580
580
581
580
580
580
580
581
580
580
619
736
580
580
581
580
619
737
580
580
580
581
580
580
580
581
580
580
580
581
610
736
581
580
580
580
1430
736
1173
736
602
736
593
736
580
581
610
736
580
580
580
581
592
736
581
580
580
580
581
580
580
580
602
736
619
736
581
580
580
611
736
593
736
580
580
581
580
580
581
580
580
580
581
601
736
620
736
580
581
610
737
580
580
580
4485
736
601
737
592
736
581
580
580
593
736
601
736
580
581
580
1239
736
580
581
580
580
580
580
581
610
736
580
602
736
601
737
580
580
580
581
580
580
581
580
592
737
580
580
580
581
580
580
581
580
580
580
581
580
580
580
593
736
580
581
9203
580
1173
1329
726
603
1346
737
1172
737
580
580
580
581
580
745
736
580
580
581
580
580
581
580
580
580
581
580
580
580
580
581
580
580
580
581
580
610
737
580
580
1173
1355
1329
736
580
581
580
580
580
581
580
601
1528
736
581
619
736
611
736
593
736
580
570
629
737
580
580
580
581
569
612
737
580
580
580
580
593
736
580
1182
736
581
1866
2008
2354
2028
1048
580
580
581
580
580
580
581
735
737
580
619
736
581
580
580
580
581
601
736
611
736
580
581
580
580
593
736
580
580
581
580
580
580
581
580
580
580
1182
736
581
1173
736
580
580
580
581
600
737
580
1191
736
580
593
736
580
580
581
580
580
581
580
1182
736
580
580
9570
580
1173
1354
737
569
702
737
1172
1329
736
580
581
580
580
1173
736
580
611
736
580
581
580
610
736
580
581
619
736
581
580
580
580
581
580
619
737
580
580
580
1182
736
581
610
736
581
580
593
736
580
580
581
580
580
580
580
581
580
580
580
2178
2612
3323
1992
1048
580
581
580
580
580
581
592
736
877
580
581
580
580
620
736
580
580
581
580
580
611
736
580
580
593
736
580
581
1190
736
580
580
5973
736
581
580
580
611
736
580
580
593
736
570
621
736
581
580
580
580
581
580
580
580
602
736
580
581
580
580
593
736
580
581
580
580
580
581
580
610
737
580
580
580
581
580
580
774
119
736
581
781
736
581
580
1199
736
580
581
580
580
580
9622
619
1329
919
156
1182
736
1182
736
581
31326
1182
1346
1346
737
619
736
581
580
580
580
581
580
1191
736
580
593
1329
736
580
580
581
580
580
580
581
580
580
580
581
592
736
581
580
593
736
580
580
581
580
580
580
581
580
580
581
580
580
602
736
580
580
581
580
580
580
593
736
580
581
619
736
581
580
580
580
581
580
580
580
581
580
580
580
665
736
580
581
580
580
602
736
580
1182
736
619
737
580
580
581
580
580
580
581
1190
737
580
580
580
581
580
580
580
581
580
580
580
581
580
580
581
580
580
580
581
580
601
737
580
9157
581
1172
726
612
758
1048
580
620
736
611
736
1235
1347
736
581
580
580
581
580
580
580
581
580
1173
736
592
737
580
580
581
580
580
580
1173
736
581
580
601
737
580
580
602
736
580
581
580
580
580
581
580
580
1395
1048
580
580
593
736
1200
736
580
580
581
580
1368
1048
581
580
580
580
611
736
580
581
619
1338
736
580
580
581
580
580
637
736
580
581
592
736
581
580
580
580
581
580
580
593
736
580
580
581
580
580
580
581
580
580
580
581
580
592
737
580
580
580
581
580
593
736
580
580
580
581
580
580
602
736
580
580
581
580
580
580
581
580
619
736
580
580
580
581
580
144
144
581
754
749
736
581
601
1675
2692
2861
1048
580
581
580
580
8832
581
580
1191
1355
1356
1347
736
580
581
580
580
580
581
580
580
580
581
580
5883
580
581
664
736
581
580
580
611
736
580
580
581
601
736
581
619
736
581
580
580
580
888
736
580
581
580
610
736
580
602
736
580
581
580
144
144
581
580
580
580
581
580
580
581
580
580
580
581
580
580
580
581
580
580
581
580
580
620
736
580
580
581
580
580
602
736
580
581
580
580
580
581
1190
736
580
580
1200
736
581
580
1182
736
580
593
736
580
580
580
581
580
580
580
581
619
737
580
580
580
580
581
592
736
581
580
580
580
581
619
736
580
581
580
580
580
581
580
580
581
580
580
593
708
1863
1049
939
581
1372
737
1113
736
581
610
736
581
580
580
580
581
580
593
736
580
580
581
580
9338
580
580
1199
737
1181
1338
1338
736
580
581
580
580
580
581
580
580
581
580
1386
1048
580
580
581
580
619
736
580
580
581
580
611
736
580
580
619
737
580
580
580
580
602
736
580
755
736
580
581
580
580
878
736
620
736
580
580
581
580
580
620
736
580
580
581
619
736
580
581
580
580
1182
736
580
581
580
580
554
619
736
580
580
1182
736
611
736
580
581
601
737
580
5923
736
580
580
620
736
580
581
580
1173
736
580
580
581
580
580
580
581
580
580
580
581
580
580
581
1068
629
736
580
580
602
736
611
736
580
580
581
580
620
736
580
580
602
736
611
736
580
580
581
580
580
580
581
610
736
581
580
580
620
736
580
580
581
580
580
602
736
580
580
581
580
8784
580
570
621
1328
1355
1356
736
593
736
580
581
1172
737
580
619
737
580
580
580
698
736
580
581
580
580
620
736
580
580
581
580
580
602
736
580
581
580
580
580
1173
736
580
581
580
580
580
581
580
580
580
581
580
580
1418
736
581
580
580
581
580
580
580
580
1191
737
580
580
580
580
581
580
580
580
581
580
580
580
581
580
610
737
610
3206
3755
1980
140
581
580
580
580
1067
580
580
580
581
580
580
580
620
736
581
580
580
581
580
580
580
1191
736
581
601
736
602
736
580
581
580
580
580
581
580
601
737
580
580
580
581
580
580
581
580
580
580
581
580
580
580
581
592
736
593
736
580
581
580
580
580
581
580
580
581
580
580
580
581
580
619
737
1190
736
581
580
580
580
581
580
580
580
95476
2096
1048
580
1191
736
580
581
580
580
580
581
618
737
1199
737
580
601
1329
736
1200
736
581
601
736
620
736
580
581
580
580
580
8728
1993
2444
1640
4502
2620
1980
580
581
610
736
581
580
620
736
580
580
581
580
580
580
832
581
618
737
580
580
580
580
610
736
581
580
580
581
580
580
580
581
580
1394
1048
580
581
580
580
580
581
580
580
580
580
581
552
1386
1048
581
592
736
581
580
580
580
581
580
580
602
736
580
581
580
580
580
620
736
593
736
580
580
581
580
592
737
580
580
1182
736
580
581
580
580
580
581
1190
1481
737
610
736
581
580
580
580
581
580
580
580
581
580
601
737
580
580
580
581
580
580
581
580
580
580
581
580
580
580
581
580
580
580
611
736
1182
736
580
581
580
601
737
580
580
580
581
580
580
580
611
736
581
580
580
580
581
580
580
580
580
581
580
580
580
581
1172
737
9371
737
580
610
1222
580
581
580
1199
736
581
592
736
580
581
580
580
580
581
580
610
736
580
580
581
580
580
580
581
580
580
580
602
1338
736
580
581
580
580
580
581
580
580
2455
2046
1048
580
581
601
736
611
736
580
581
580
580
1191
736
581
580
580
580
581
580
580
580
611
736
580
1182
736
581
580
580
580
581
580
580
580
580
602
736
580
581
580
580
580
581
580
580
580
581
580
580
580
581
601
736
581
580
601
737
619
736
580
581
580
593
736
580
1173
736
592
737
580
580
580
581
580
580
580
581
601
736
602
736
580
581
580
580
581
580
592
737
580
580
580
581
934
4770
1049
580
580
580
553
629
736
581
580
580
620
736
580
849
657
736
580
619
736
580
9945
1347
1347
1356
736
580
580
581
580
580
611
736
580
580
656
736
580
581
592
736
581
580
580
580
581
601
736
602
736
580
581
580
580
580
581
610
736
581
580
580
580
593
736
1200
736
602
736
580
580
580
581
580
580
580
580
602
736
580
581
580
570
675
736
580
580
1173
736
581
580
580
620
736
580
580
581
580
619
737
580
619
736
581
580
580
580
581
580
580
581
580
592
737
580
580
580
581
580
580
580
581
580
580
581
580
580
580
580
581
580
580
580
593
736
580
581
580
580
580
581
580
580
580
581
580
580
580
581
580
580
581
580
580
580
581
580
580
580
581
610
736
1970
2407
1627
2054
1049
580
580
580
581
580
580
580
593
736
580
581
580
580
580
580
581
1173
9482
1329
736
1182
1347
749
1048
580
580
1182
736
581
601
766
1048
580
593
736
581
580
610
737
580
580
580
581
580
580
580
581
580
580
580
581
580
580
580
581
580
682
737
1181
737
580
580
580
581
580
580
580
581
580
1424
736
580
581
580
580
581
580
580
580
581
580
580
580
581
580
580
581
619
736
580
580
580
581
618
737
580
580
580
581
580
580
1182
736
580
580
581
580
580
580
611
736
580
581
580
580
1173
736
581
580
580
593
736
580
580
620
1348
1824
3442
1049
592
736
922
580
581
1181
737
580
580
580
1200
736
581
580
580
580
580
581
580
580
580
581
580
580
580
581
580
592
737
580
1173
736
580
580
581
610
736
620
736
619
736
581
580
580
580
581
580
580
580
580
581
580
610
737
8695
1182
1347
736
1173
736
580
593
726
612
1409
737
580
580
580
1200
736
580
581
610
736
580
581
580
580
683
736
580
580
580
581
580
580
611
736
580
581
580
580
1385
1070
1977
1165
2010
1980
581
580
580
1200
1882
5097
2010
1048
581
580
580
580
581
580
593
736
580
580
581
580
619
1347
736
602
979
580
580
581
580
580
580
602
736
581
580
580
611
736
580
580
581
580
580
580
610
737
580
580
580
581
580
580
619
736
581
580
580
581
1190
736
581
580
580
602
736
580
580
580
581
35569
1502
1658
1338
1329
727
610
737
580
580
580
581
580
580
619
736
580
581
580
580
580
581
580
592
737
580
580
580
602
736
580
581
580
580
580
581
2685
1048
4596
736
581
1093
580
580
581
580
580
580
581
619
736
581
580
580
580
581
592
737
580
580
580
581
580
580
580
593
736
580
581
580
580
580
581
601
737
580
580
580
580
581
580
580
580
620
736
580
581
580
580
580
602
736
580
580
580
581
580
580
611
736
580
580
1173
736
581
580
580
581
580
580
580
611
748
1659
736
580
580
602
736
580
611
736
581
580
601
737
1740
1191
736
580
580
581
580
580
580
581
580
602
736
580
580
581
580
580
593
736
580
611
736
580
580
581
580
580
580
581
12345
737
580
580
1344
736
1173
726
620
1338
736
580
1200
736
580
581
592
737
580
580
580
581
592
1554
736
581
580
580
580
581
610
736
581
1433
736
581
580
580
1974
1048
581
580
580
580
580
581
580
580
580
581
580
580
580
581
580
580
580
581
580
580
580
620
736
580
619
737
618
1356
736
581
580
610
736
581
610
736
581
580
580
602
736
580
580
581
580
580
580
581
580
580
580
570
603
736
581
580
610
736
580
580
581
580
580
580
581
580
592
737
610
736
581
580
580
580
580
581
580
580
580
602
736
611
736
580
580
581
580
580
611
736
580
581
580
580
580
581
580
580
580
581
580
580
580
581
580
580
580
602
736
580
620
726
620
736
2098
736
10189
1336
4152
1049
580
1191
1338
736
580
580
580
581
580
580
580
581
580
580
580
581
580
619
737
580
580
580
581
580
580
580
620
736
581
580
580
580
580
581
1173
736
580
580
580
581
886
737
1172
737
580
580
580
581
1190
736
580
581
580
580
580
581
580
580
580
593
736
580
581
580
580
1200
736
580
581
580
619
1355
737
580
580
580
580
581
580
580
581
580
580
581
580
580
580
593
736
580
581
580
592
737
580
580
580
581
580
580
581
610
736
581
580
580
580
581
580
580
581
580
580
580
581
580
580
580
580
581
580
580
581
580
580
580
581
580
580
625
580
581
580
580
593
736
580
602
736
1173
736
580
602
736
580
580
581
580
580
580
581
580
580
580
581
580
580
580
581
580
580
581
655
736
12950
1659
736
1191
1338
736
580
581
580
619
736
593
736
580
611
736
580
581
592
736
581
580
580
1182
736
580
580
581
580
580
580
581
580
580
580
580
581
580
580
580
581
580
580
580
581
580
580
580
581
580
1421
1048
581
580
580
580
581
580
620
736
580
580
620
736
593
736
580
580
580
581
580
592
737
580
580
580
611
736
580
581
1172
1347
736
580
581
601
736
581
601
736
581
580
580
580
581
580
580
580
620
736
580
581
580
619
737
580
580
580
581
601
736
581
580
580
580
581
580
580
580
601
737
580
1200
1441
1769
2899
1048
1075
580
610
736
580
580
581
580
580
580
580
581
592
737
580
580
580
580
581
580
610
737
580
580
593
736
580
580
581
580
96111
1948
1641
1347
736
571
602
736
580
580
580
581
580
593
736
1182
736
580
592
737
580
580
611
736
580
580
581
601
736
611
8774
1329
2149
1048
1173
736
580
581
580
601
736
581
580
580
580
581
580
580
593
1346
737
610
736
581
1181
737
1181
736
581
1181
737
580
3481
581
580
580
580
581
580
580
602
736
580
580
581
580
580
581
580
8329
1048
580
581
1172
737
580
593
736
580
580
581
580
580
602
736
619
736
592
736
581
651
581
580
580
581
610
736
581
580
580
580
581
601
1347
736
580
581
580
580
1191
736
1191
736
580
620
736
581
580
580
580
580
581
580
580
581
580
580
580
580
581
580
580
580
581
580
580
593
1355
736
581
580
580
580
580
581
580
580
580
581
580
619
736
580
581
580
580
580
581
580
580
580
581
580
580
1173
736
581
580
8778
1173
2095
2443
1668
736
1173
766
1048
580
580
602
736
580
581
580
580
602
736
580
602
736
580
581
580
580
580
581
580
611
736
580
580
581
580
580
580
581
580
611
1531
1048
580
580
581
580
2115
737
601
736
581
580
580
895
581
580
580
580
581
1181
737
580
580
580
581
610
736
580
581
580
580
580
580
581
580
580
580
620
736
580
1245
736
581
580
580
580
580
581
580
580
580
580
581
580
601
737
610
736
581
580
580
593
736
580
580
581
580
580
580
602
736
580
580
580
1182
1329
736
580
581
580
580
580
620
736
580
619
737
580
580
580
581
580
580
580
581
580
580
1182
736
580
581
580
580
581
580
592
1338
736
581
580
580
580
581
580
580
580
581
580
580
593
736
580
580
581
580
580
580
581
9607
1191
1346
1261
5674
2037
1641
736
581
580
580
580
581
619
736
570
621
871
580
581
1181
737
580
580
580
611
736
580
1200
736
611
736
580
580
1377
1048
580
580
581
580
580
580
581
601
736
581
580
580
580
581
580
601
737
580
580
593
736
580
580
581
580
580
581
601
736
581
580
1173
784
1048
580
580
581
609
737
580
592
737
580
580
580
580
581
619
736
581
580
580
580
581
144
144
144
144
144
581
580
580
620
736
580
580
581
736
736
580
581
1181
785
1048
580
580
581
580
619
737
580
580
580
610
737
618
736
581
580
580
580
581
610
736
580
1200
794
1048
580
580
1191
736
581
580
580
580
581
601
736
581
580
580
580
581
1198
737
580
8664
1173
1329
1328
709
629
1179
580
580
1191
736
580
580
580
581
580
144
755
736
592
737
580
580
580
581
580
580
580
1200
736
610
1355
736
580
581
610
736
581
580
580
580
1191
736
580
620
736
581
580
580
580
581
580
580
580
580
580
580
1459
737
1172
737
601
1356
736
580
581
580
580
580
611
736
581
580
580
580
581
580
736
736
580
581
619
736
580
580
581
580
580
581
580
580
580
581
580
580
580
581
580
580
580
581
580
580
580
581
580
580
580
581
634
580
581
580
619
736
580
580
581
580
601
736
580
581
580
1191
736
580
580
581
580
580
580
581
580
580
580
593
736
580
593
736
580
581
1190
736
1326
736
4146
737
580
580
580
580
581
601
737
619
736
581
580
580
580
580
581
580
1084
619
737
580
9527
580
1200
1347
1355
1346
736
1191
736
1191
1337
737
580
580
580
1199
736
581
1172
737
580
580
1173
736
580
580
581
580
580
580
581
580
619
736
580
581
580
580
986
736
754
736
580
580
581
580
610
736
581
580
580
593
736
580
580
1173
737
580
580
580
581
580
580
580
581
580
580
580
581
580
580
580
620
736
580
580
581
580
580
580
580
581
580
580
580
581
580
573
92
737
580
580
580
581
580
580
580
581
580
580
580
581
580
580
611
736
580
580
581
580
580
581
580
580
602
736
580
580
581
592
736
581
619
737
1086
1347
3854
1980
581
580
580
581
580
580
682
736
580
602
736
580
581
580
580
580
580
593
736
580
581
580
580
580
611
1356
736
610
736
581
580
580
580
620
9677
736
1173
1347
1338
1346
737
580
580
580
581
580
580
580
581
580
580
580
581
580
580
580
581
580
592
736
581
580
580
593
736
580
580
580
581
580
580
580
593
736
580
581
580
580
602
736
809
736
581
580
580
581
580
580
580
620
736
580
580
581
580
580
580
581
580
580
580
581
580
580
611
736
580
580
581
601
736
602
736
602
736
1359
1048
581
580
4327
1955
1330
1981
580
1199
736
580
806
580
580
581
580
580
580
581
601
736
581
580
580
580
581
1190
737
580
580
580
581
580
580
619
737
580
580
580
581
580
580
580
581
580
580
580
581
580
580
1173
736
581
580
580
580
581
580
610
736
580
611
736
580
38252
736
1173
1338
736
570
621
736
580
580
580
581
1432
736
581
580
580
580
581
580
580
580
581
580
580
580
580
2229
2928
1048
593
736
610
736
602
736
580
1105
736
580
581
580
601
737
580
601
737
580
580
580
581
580
580
580
611
736
580
581
580
580
580
581
580
580
580
581
580
580
601
736
580
581
580
580
581
580
580
1368
1048
581
580
580
580
581
619
736
580
580
581
580
601
737
580
1346
580
610
736
581
580
580
580
580
581
580
580
580
581
619
737
580
580
1182
736
580
580
581
580
610
1338
736
1182
736
581
580
580
580
581
580
580
580
580
581
580
1190
736
581
580
580
1182
736
611
736
580
1200
736
8857
580
1191
1328
1355
737
1190
1338
736
1900
7316
1048
580
593
736
580
581
1515
736
580
761
580
580
683
736
601
1329
1329
736
580
581
580
580
580
581
580
580
2001
1048
1173
736
580
611
736
580
581
580
580
1200
736
580
581
580
580
580
581
1199
737
580
580
580
580
581
580
580
580
581
580
1199
736
602
736
580
581
601
736
581
580
580
580
581
580
580
611
736
580
581
745
736
580
580
581
580
580
580
581
580
580
580
580
581
580
580
554
646
736
581
580
580
580
581
580
580
1191
736
580
581
580
580
580
581
592
736
581
580
580
581
580
580
580
580
581
580
580
580
581
580
580
580
581
580
601
737
580
580
580
602
736
580
581
580
8498
1199
736
580
1200
736
635
737
580
580
580
581
894
593
736
580
1173
736
581
580
580
580
581
580
580
602
736
580
580
620
736
581
580
580
580
593
736
580
580
1173
737
580
580
580
581
1181
737
580
580
611
736
580
581
580
580
620
736
580
580
581
580
580
580
581
580
580
580
581
580
580
581
580
580
580
581
580
592
737
580
580
580
581
580
580
580
602
736
580
581
601
736
581
580
580
580
580
581
580
665
736
580
580
580
581
580
580
581
580
580
580
581
592
736
581
580
580
580
581
580
580
593
736
580
580
581
580
580
580
581
580
580
580
581
580
593
736
580
580
581
580
580
620
736
2867
4573
1049
580
580
580
581
580
580
610
737
580
580
580
581
580
592
737
580
580
580
580
27194
64865
736
611
1355
1329
1355
1329
1356
736
1021
580
1200
736
580
581
580
580
580
581
580
580
580
581
580
580
580
1191
736
554
619
737
580
592
737
580
580
580
581
580
580
593
9097
736
580
1191
1329
1346
1356
1347
736
580
581
580
580
580
580
581
580
580
580
581
580
580
580
581
619
736
581
580
1612
736
611
736
580
817
736
869
736
580
580
581
580
580
602
736
580
580
1173
736
581
580
580
580
581
580
580
580
581
580
1182
736
619
737
580
580
580
580
581
610
736
581
569
630
736
580
580
581
580
580
580
581
580
580
580
581
592
736
581
580
580
580
581
580
580
581
610
736
581
580
601
737
580
580
580
581
580
580
580
620
2404
4601
1993
1048
580
581
580
580
619
736
581
1199
736
581
580
601
737
580
580
581
1181
736
581
580
580
611
736
580
580
581
580
580
581
580
580
580
581
610
736
581
592
736
581
580
580
580
581
580
580
593
736
580
580
581
580
580
581
619
9641
4034
1667
736
1191
1356
726
603
736
580
580
581
580
593
736
580
580
580
581
580
580
580
581
580
580
580
581
580
580
580
581
580
580
580
1424
736
581
580
580
580
593
736
580
581
618
736
581
580
580
580
581
1371
736
580
4611
1355
1337
736
580
580
581
580
619
737
580
580
1200
736
581
580
619
736
581
580
580
611
736
580
1249
736
619
736
580
581
580
1199
736
580
580
581
580
580
580
611
2645
580
580
580
581
592
736
602
736
620
736
580
580
581
580
580
580
581
580
580
580
580
581
580
580
580
581
580
580
581
601
736
602
736
580
581
601
736
5192
1048
581
580
580
602
736
8767
580
580
1200
736
1191
1328
737
580
580
580
581
619
736
1191
736
580
610
736
593
736
580
581
580
580
580
581
580
580
580
581
580
580
580
581
580
580
580
581
580
580
580
581
619
736
1147
736
933
1813
1258
3142
1980
581
1181
3917
1391
580
602
736
580
593
736
580
1191
736
580
581
580
580
580
580
581
580
1173
736
580
580
581
601
736
581
580
580
580
581
580
580
580
619
736
580
1173
736
581
580
580
580
581
580
580
1173
736
580
581
580
664
737
1740
1200
1897
580
610
736
1173
736
581
580
580
580
581
579
581
580
580
580
581
580
580
619
737
1172
737
580
580
580
581
580
580
580
580
581
580
580
580
580
581
580
580
580
580
619
736
6971
9923
1347
1329
3864
1048
620
736
580
580
581
580
580
580
581
1367
1049
580
580
580
581
592
785
1552
580
580
580
619
737
580
580
580
581
580
580
580
581
1190
737
610
736
665
736
601
736
581
580
580
593
1346
736
619
736
580
580
581
580
580
580
581
580
580
580
581
619
736
581
580
580
580
581
580
592
737
580
580
580
580
581
580
1191
736
580
602
736
580
620
736
580
581
580
580
580
581
580
580
580
580
581
1181
737
580
611
736
580
619
737
580
580
580
581
580
580
580
581
580
580
580
581
580
1190
736
580
581
580
580
580
1182
736
581
1253
737
580
580
580
581
580
580
580
581
580
580
580
1173
737
580
580
580
581
580
580
9270
581
580
580
593
736
1191
736
570
621
1355
737
580
1191
943
581
580
580
580
619
736
581
580
619
737
580
580
580
581
580
580
580
1369
1048
1173
736
580
580
1173
736
581
580
580
581
580
610
737
580
580
580
1360
1048
580
580
620
736
580
580
581
580
602
736
610
736
580
581
580
580
602
736
580
580
580
581
580
610
737
580
580
580
580
620
736
580
581
580
580
580
620
736
580
581
580
593
736
580
580
580
581
580
580
580
580
581
580
580
580
580
581
580
592
737
580
580
1200
736
580
580
581
580
580
580
581
580
580
580
593
1329
736
601
737
580
580
593
736
580
581
580
580
602
736
580
580
581
580
580
580
581
580
580
580
581
580
1200
736
580
593
736
580
580
581
580
593
9514
736
611
736
580
1182
736
593
736
570
603
736
580
580
581
592
736
581
580
580
580
581
618
737
580
580
580
611
736
593
736
655
737
610
707
648
736
1368
1049
580
580
580
581
580
580
580
581
580
580
580
593
736
580
581
580
580
580
581
580
580
611
736
592
737
580
580
580
581
580
580
580
619
736
581
580
580
580
581
580
580
1191
736
611
736
580
580
611
736
580
580
581
580
580
580
581
580
580
580
580
581
580
580
580
580
581
580
601
737
601
736
610
736
581
580
601
1356
1378
732
1048
580
581
580
2137
736
580
580
581
580
580
1173
736
580
581
580
580
580
581
592
737
580
580
580
581
580
592
737
580
580
580
581
580
610
916
637
736
619
736
1993
1048
580
580
581
9839
3936
2425
1049
580
580
619
736
580
580
580
581
580
580
580
581
580
580
580
580
581
580
580
580
581
580
580
580
580
593
736
580
581
580
580
1433
736
581
619
736
580
581
580
610
737
580
580
580
581
580
580
580
581
601
736
580
581
580
580
580
581
580
580
581
580
580
619
736
581
1199
736
602
736
580
581
580
580
580
581
580
580
619
736
580
581
580
580
580
581
580
580
580
581
580
580
580
581
618
737
580
580
580
581
592
736
581
580
1173
1328
737
580
580
3033
736
2472
838
1048
580
580
581
580
580
580
581
580
580
580
580
581
580
580
593
736
580
602
736
580
580
1182
736
580
581
580
580
580
581
580
580
580
581
35813
1200
2131
2503
1048
580
581
1376
1048
581
580
1173
736
580
580
581
580
580
580
770
199
611
736
602
736
580
602
736
580
580
581
580
580
581
580
601
736
7546
736
580
581
580
580
617
580
580
580
1191
736
580
580
580
581
580
580
580
581
580
580
580
581
580
580
580
581
580
580
602
1302
829
1048
580
581
580
580
580
581
580
592
737
580
1182
736
580
580
580
581
580
580
580
581
619
736
580
581
580
580
580
581
580
580
580
581
580
580
580
581
580
580
580
581
580
580
580
580
580
581
580
580
9024
1200
1338
1347
736
611
736
580
570
630
736
580
580
581
580
580
580
581
580
580
580
581
580
580
580
620
736
580
581
580
580
581
580
580
580
581
580
580
580
581
580
580
593
736
580
580
581
619
1349
2281
2897
1650
736
619
737
580
580
580
580
581
601
736
593
1589
3226
580
1173
3927
1070
2037
1980
611
736
580
580
581
580
1173
736
580
581
610
736
581
580
592
737
580
580
580
581
580
580
1182
1338
736
580
580
581
580
580
602
736
580
620
736
580
581
580
5760
736
580
580
581
580
580
580
691
1356
736
581
580
580
580
581
580
580
580
581
580
580
580
581
580
601
736
1191
737
580
580
580
581
95296
736
580
581
580
580
580
1182
736
593
736
580
611
736
580
593
736
580
1173
736
611
736
580
581
580
580
580
580
581
580
580
580
580
581
1199
736
620
9794
1048
581
1198
736
581
580
1182
1337
1347
1347
736
580
580
581
580
580
580
580
620
736
580
581
580
580
580
593
736
580
580
581
580
580
580
580
581
580
580
580
581
580
580
580
580
581
580
580
580
581
552
630
1346
736
581
580
610
736
580
580
620
736
580
581
580
580
580
570
621
736
580
581
580
1199
737
580
580
580
580
619
736
581
580
580
580
581
580
580
580
581
580
580
602
736
580
619
736
580
580
581
580
1182
736
580
580
581
550
622
737
592
736
581
580
580
580
1173
736
580
581
1172
737
592
736
581
580
1199
736
580
581
580
580
611
736
580
580
581
580
570
602
737
580
580
580
580
581
580
580
580
4890
736
581
580
1173
736
580
580
581
592
1338
736
1087
2044
1048
580
580
581
580
8525
580
581
1974
2443
1048
1173
736
580
581
580
580
580
1200
736
580
581
580
580
1173
736
580
581
580
580
580
581
580
580
580
581
580
580
580
581
580
580
2209
1048
580
580
581
580
580
580
581
580
580
580
581
580
580
580
581
580
580
581
580
580
580
581
619
736
581
580
580
580
581
580
580
580
581
580
580
580
581
580
601
737
580
580
580
581
580
580
580
581
580
580
580
581
580
580
580
611
736
1191
736
580
581
580
601
737
580
580
1173
736
580
602
736
581
580
580
580
580
581
580
580
580
581
580
611
2964
1048
580
580
581
1222
736
580
581
580
580
985
581
580
620
736
580
580
602
736
580
581
580
580
581
580
580
580
581
580
601
737
619
736
581
580
580
580
581
580
619
736
580
581
580
580
580
9464
580
1173
736
611
1356
1355
1338
736
580
580
581
580
580
580
593
736
580
581
580
580
611
736
580
593
736
592
737
580
580
580
581
682
736
593
736
580
1182
736
1097
1983
1980
580
620
736
580
580
581
1191
736
601
839
1048
580
581
580
580
580
580
581
580
580
580
581
609
736
581
610
737
592
736
581
580
580
4328
3093
1048
580
580
581
580
580
580
602
736
580
570
612
737
580
580
580
1111
1173
736
580
581
601
736
581
580
580
580
581
580
580
580
581
580
580
580
581
580
580
611
706
623
736
592
737
580
580
580
581
580
619
737
580
580
602
736
580
1182
736
580
619
736
581
580
1199
737
592
736
581
580
580
601
737
619
9370
1347
1355
1338
736
581
1172
1329
736
580
581
580
580
580
581
580
580
580
581
580
580
580
581
580
580
580
581
580
580
593
736
1173
736
580
580
581
580
580
580
581
580
580
581
580
580
580
1433
736
581
580
580
581
580
610
737
580
1200
2151
4800
1981
580
580
580
580
611
736
580
581
1173
736
580
580
580
581
580
580
602
736
970
736
580
580
581
580
580
580
581
580
580
580
581
580
592
737
580
580
580
581
580
580
602
736
580
580
619
736
581
610
736
580
581
580
610
737
580
580
610
736
580
581
580
1368
1048
602
736
580
580
581
580
601
737
580
620
736
580
580
581
618
736
581
580
580
580
580
581
655
736
581
580
580
580
580
581
580
691
709
8478
570
630
737
763
156
1182
736
1182
737
580
580
619
785
1048
580
580
619
736
580
581
580
602
736
580
602
736
619
736
580
580
581
569
621
1337
3211
2275
2046
1048
581
580
580
580
580
581
580
580
602
736
580
754
736
580
581
592
736
581
580
580
581
580
580
580
581
580
1182
736
570
692
737
580
580
580
581
580
580
580
581
580
580
580
581
601
736
581
580
580
580
581
580
580
580
581
580
619
736
580
580
581
580
580
580
580
581
580
580
1940
1048
580
580
1939
1048
619
737
580
580
580
581
580
580
580
581
601
736
620
736
580
1191
736
581
580
580
580
611
736
580
580
581
580
580
580
581
580
580
580
581
580
580
580
581
580
580
580
581
580
580
9093
637
1346
1329
1338
736
581
1172
7357
1809
1980
580
581
580
580
1191
1328
737
580
1042
736
580
580
581
580
580
580
581
580
580
580
581
580
580
580
581
580
580
581
580
1497
1355
736
580
581
580
580
580
580
581
580
580
580
581
580
580
1200
736
580
580
580
581
580
580
580
581
580
580
580
581
580
580
581
580
580
1173
736
619
736
581
580
580
580
581
580
620
736
580
580
581
580
580
580
620
736
580
581
580
580
581
580
580
602
736
580
580
581
580
580
580
581
580
626
736
581
580
580
580
581
601
1356
736
580
580
581
580
580
611
1329
736
580
580
580
581
580
580
580
620
736
580
580
581
580
592
737
580
580
580
8910
682
1419
1346
2132
1048
580
580
580
581
580
580
580
580
581
580
580
593
736
1199
736
581
580
580
916
736
581
580
580
580
580
1173
2167
1048
580
581
580
580
580
581
1199
736
580
2526
2286
1049
580
580
611
736
580
580
580
581
580
580
580
581
580
1182
1346
736
580
580
593
736
424
425
424
518
580
395
475
580
424
424
425
424
517
581
454
580
463
581
424
463
581
424
424
463
581
424
424
437
580
424
424
437
628
736
544
580
697
1098
580
424
425
445
580
446
580
455
580
445
581
445
580
424
424
446
580
455
580
424
437
580
424
425
462
581
445
580
446
593
736
463
1044
655
736
424
425
445
580
425
454
580
437
580
424
425
424
446
580
424
424
424
446
580
437
580
424
425
424
424
424
455
580
424
580
611
1170
10920
2002
1048
570
620
736
580
581
580
580
580
581
580
580
1191
736
581
601
736
581
580
580
580
581
580
580
580
581
580
580
580
581
580
580
581
580
580
580
581
580
619
736
580
581
580
580
602
736
580
1191
736
580
580
581
580
580
581
580
580
580
581
580
580
580
581
580
580
580
580
553
1701
1048
581
580
580
593
736
580
580
581
580
593
736
580
593
736
580
580
581
580
580
580
611
658
349
30581
1329
1329
736
601
737
580
580
593
736
580
581
580
580
580
593
736
580
581
1191
1195
601
736
581
580
580
581
580
580
602
736
580
611
736
580
580
4202
5308
1208
1319
3927
1048
1173
736
581
580
580
580
580
581
580
580
580
581
580
580
580
580
580
581
580
580
580
619
736
580
581
580
580
580
611
736
619
736
580
580
581
580
580
580
581
601
736
581
580
580
580
581
580
580
580
581
580
580
581
580
580
580
581
580
580
580
580
581
580
580
580
1424
736
581
580
580
580
581
580
580
581
580
580
580
580
581
1199
737
580
2920
736
1191
737
580
580
580
581
580
580
580
593
736
580
581
580
580
580
581
580
580
580
581
580
580
580
581
1553
946
1048
580
580
581
580
580
580
581
580
665
736
580
602
736
580
808
736
581
580
580
580
581
592
736
581
580
580
581
580
592
737
580
580
580
581
580
580
580
580
581
580
580
580
581
580
580
580
581
580
25050
572
601
2113
1659
3891
1048
580
581
580
580
580
611
736
580
580
581
601
737
580
601
736
581
580
580
581
580
580
580
593
736
580
581
1181
737
580
580
620
1261
2449
2955
1048
580
581
580
1358
1048
581
580
580
580
581
580
580
580
581
580
592
737
580
580
1191
736
580
581
592
1338
736
593
736
1102
580
580
581
580
580
580
581
580
1200
736
580
1173
736
581
580
580
580
581
580
580
581
580
580
580
581
580
580
580
581
580
580
580
581
580
580
683
736
580
580
581
580
580
580
580
581
610
1328
736
581
580
580
580
580
580
581
580
580
580
581
580
580
580
580
581
580
580
580
92567
1329
726
666
1338
736
1199
736
580
581
580
580
580
581
580
1449
1048
580
611
736
580
580
581
601
736
580
581
580
580
580
581
580
1182
736
580
580
580
581
580
580
580
581
580
580
580
1173
736
611
736
11868
2148
1048
581
580
580
1200
736
580
581
580
619
736
580
976
580
581
580
580
580
581
580
580
580
581
580
580
580
581
580
580
580
581
580
580
602
736
1200
736
580
581
580
580
581
580
580
580
581
580
580
580
581
601
736
581
619
736
581
580
580
580
581
580
619
736
580
580
581
580
580
580
581
580
580
580
581
580
580
580
1173
737
580
580
580
581
580
580
580
581
580
580
1191
736
580
581
580
691
736
580
580
581
580
580
581
580
580
580
602
736
580
581
592
1338
736
581
580
580
580
581
580
580
580
581
580
580
580
581
580
580
581
580
580
580
581
580
580
602
736
580
580
581
580
580
580
581
580
580
580
581
580
580
580
620
736
580
580
581
580
580
580
611
2144
1048
2387
1419
1658
736
580
581
580
580
569
9010
726
176
754
1355
736
581
580
580
602
736
580
581
580
580
580
1191
736
580
581
580
580
580
580
581
580
580
580
580
581
580
592
737
1190
737
580
580
580
619
737
580
580
1191
736
593
736
580
580
581
580
580
619
736
580
581
1394
1048
580
580
581
580
580
581
580
580
580
581
580
580
580
145
1325
736
581
580
580
580
581
580
610
737
580
601
737
580
580
580
581
580
580
580
581
619
736
580
581
580
580
580
581
580
1182
736
580
580
581
580
580
580
602
736
580
593
736
580
581
580
580
1371
1171
2262
2244
1048
580
611
736
580
656
736
580
581
580
602
736
601
737
580
580
1057
581
580
580
581
580
580
580
581
619
736
580
581
580
580
619
736
580
570
621
736
593
736
580
581
580
580
580
8958
581
580
580
580
581
601
1346
736
581
580
592
737
580
580
580
581
580
580
601
737
580
593
736
580
580
580
581
580
580
580
581
1350
1048
580
581
580
580
580
581
580
580
580
581
580
580
611
736
580
580
581
619
737
580
580
580
581
610
736
581
580
580
581
646
736
580
580
581
1199
736
580
580
580
581
1191
736
580
580
581
609
736
581
580
580
611
736
580
580
581
580
580
580
1988
736
4269
736
580
580
581
580
580
580
581
580
580
619
737
580
580
580
602
736
580
850
580
611
736
581
580
580
580
581
580
580
580
581
580
580
580
581
580
580
580
581
580
580
611
736
580
580
581
580
580
580
1191
1347
736
581
580
580
580
581
580
580
1413
1048
581
580
580
9926
619
727
628
1328
726
629
1338
736
581
580
592
737
580
580
580
581
580
580
580
610
736
580
593
736
581
580
580
580
581
580
619
1338
736
581
580
1433
736
581
580
610
737
580
580
580
611
736
580
581
580
580
602
1355
1338
1338
736
580
580
581
619
736
581
580
580
580
581
580
593
757
8048
2037
1048
581
580
580
580
581
601
737
619
736
967
580
580
1173
736
581
580
580
580
581
580
580
581
580
580
580
581
580
580
580
581
580
1200
736
580
580
581
619
736
581
580
580
580
581
601
736
611
736
580
581
580
592
737
580
580
580
581
580
580
602
736
580
580
581
580
580
580
581
618
737
580
580
580
581
580
1182
736
580
580
581
580
580
9285
580
1344
1346
736
618
1356
736
581
1182
736
580
580
581
580
619
737
580
580
580
581
580
580
580
581
580
580
580
581
580
610
737
580
580
580
620
736
580
580
580
581
3337
4112
1048
581
580
580
580
581
580
580
580
581
580
580
580
581
610
737
580
580
611
1346
737
580
1147
580
580
580
602
736
580
580
581
580
580
580
581
580
619
736
581
580
580
580
581
580
580
580
1191
736
593
1329
736
619
736
580
581
580
580
580
581
610
736
581
580
580
581
601
736
581
580
611
736
580
580
580
581
580
580
581
592
736
602
736
580
581
580
580
581
580
580
580
620
736
580
581
580
580
619
736
580
580
581
580
580
620
736
580
580
581
580
580
580
1949
1048
580
581
9553
639
736
571
593
3900
1048
581
580
580
580
581
580
580
580
593
736
580
581
580
580
581
580
580
580
581
580
580
580
581
580
580
580
581
580
580
580
581
580
592
737
580
580
1173
736
593
736
580
580
789
581
580
1193
6185
1048
580
581
580
580
581
580
580
580
581
580
601
737
592
1347
736
580
593
736
580
581
592
736
581
580
580
580
1191
736
580
581
580
1182
736
580
593
736
580
580
620
736
580
581
580
580
580
581
580
619
736
580
580
581
580
580
580
581
580
570
701
737
580
580
580
581
580
580
581
580
592
737
580
580
580
602
736
1173
736
1200
736
580
581
619
736
1191
736
580
580
580
581
580
580
619
737
580
580
580
581
580
580
619
736
581
580
580
580
2321
611
736
8638
580
1173
1356
736
570
629
1346
736
581
610
736
581
580
144
144
145
144
144
144
144
581
742
580
593
736
580
581
580
580
580
581
580
580
1191
736
580
581
580
580
580
581
580
580
580
581
580
580
580
581
580
1386
1048
581
580
592
737
580
580
580
581
580
580
619
736
581
580
580
593
736
580
580
581
580
1173
736
619
736
580
580
581
580
619
737
580
580
580
581
580
580
593
736
580
580
581
580
580
580
581
580
580
580
581
619
736
580
581
580
580
580
580
581
580
580
1967
1048
580
580
580
581
580
580
580
611
736
1931
1048
580
580
580
581
580
580
580
581
580
592
737
580
580
580
581
580
619
736
580
581
580
580
580
593
736
580
581
580
580
580
581
592
737
580
580
580
580
580
581
580
580
580
1549
41165
1641
736
1173
736
581
580
580
1191
736
581
580
580
580
581
580
580
580
580
580
581
592
737
580
580
611
736
580
580
581
580
580
580
581
580
580
580
580
581
580
580
580
581
580
580
580
581
580
580
611
736
580
1190
736
580
581
580
1182
736
580
580
581
580
580
580
580
581
580
580
580
581
580
580
580
580
581
1182
736
580
580
580
581
601
736
581
580
580
580
581
580
619
736
1648
1331
3470
2055
1048
580
580
581
580
580
580
581
580
580
580
581
609
737
580
580
593
736
580
580
9740
736
1173
736
1173
1337
726
630
41838
46603
1355
736
1182
3909
1048
580
580
580
581
580
580
580
593
736
580
581
580
592
737
580
580
580
581
580
8537
580
580
581
1190
1338
1338
736
580
580
581
580
580
580
581
580
580
602
736
580
580
581
580
580
581
592
736
581
580
580
580
581
580
580
1406
736
1182
736
581
553
1421
1049
1199
737
580
580
580
610
737
601
1329
736
580
581
580
580
580
581
580
593
736
580
580
581
580
580
580
581
580
580
581
580
580
580
581
580
580
580
581
580
580
620
2845
1049
1833
1213
736
581
580
580
580
581
580
1395
1048
580
580
581
580
580
580
581
601
736
581
580
619
736
580
580
581
580
580
580
581
580
580
580
581
580
580
610
736
610
736
1377
1048
580
611
736
580
581
580
580
580
581
1857
1195
2056
1048
580
580
581
580
602
736
580
580
580
581
580
580
745
736
581
1676
736
581
580
9232
1191
736
593
2104
1105
1981
580
1199
737
580
580
593
1346
737
610
736
581
580
580
580
581
580
580
580
581
1827
4639
737
580
580
580
581
580
580
580
581
580
1191
736
580
620
736
601
737
580
580
580
914
580
580
581
580
580
580
581
601
736
581
580
580
1182
736
580
581
592
736
581
580
618
737
580
580
580
580
581
580
592
736
593
736
580
581
580
580
620
736
580
1173
736
580
620
736
580
581
580
580
580
581
580
580
593
736
580
593
736
570
621
736
619
736
581
580
580
580
602
1338
736
1281
736
580
580
581
580
592
737
580
580
580
581
580
580
581
580
580
580
581
580
580
580
581
580
580
580
581
580
580
580
581
580
580
580
616
580
581
580
580
580
581
580
580
581
580
580
580
581
9691
1173
1338
1338
736
580
619
1356
1988
1321
2019
1048
580
581
580
580
580
581
619
736
904
580
634
580
580
593
736
580
581
580
580
580
581
1190
737
580
619
737
580
580
580
581
580
580
620
736
580
580
581
580
580
593
736
580
580
581
580
580
593
736
580
580
581
580
580
580
593
736
1957
1049
580
580
580
619
736
581
580
580
581
601
736
593
736
580
581
580
580
580
580
737
736
580
581
580
580
580
581
580
610
737
580
580
580
1098
851
1048
580
581
580
580
580
581
580
580
580
581
580
580
602
736
580
602
736
580
580
581
580
580
581
619
736
580
580
1200
736
580
611
736
601
737
580
580
580
581
580
580
580
581
580
580
1191
736
580
581
1172
8672
736
1200
1355
736
580
580
580
581
580
580
634
655
737
580
580
580
581
580
580
580
581
580
580
580
581
580
580
580
581
592
737
580
580
580
581
580
580
1359
1115
2037
1048
580
619
737
580
580
593
2112
1048
581
580
580
580
581
580
580
580
581
1199
737
580
580
580
581
580
580
580
581
580
580
580
581
580
620
736
580
580
581
580
611
1337
737
580
580
580
581
580
580
580
581
580
580
580
581
601
736
581
580
580
581
619
736
580
580
602
736
580
581
580
580
580
581
580
580
593
736
592
737
580
601
737
580
580
593
736
580
1199
736
581
619
736
581
580
580
580
619
736
1139
736
4342
736
580
580
581
580
1182
736
580
581
580
580
580
581
580
580
580
602
736
580
751
646
736
581
580
580
611
9526
736
1172
3962
2408
1048
580
581
580
580
580
570
612
736
602
736
580
581
580
580
581
580
580
580
581
580
580
580
581
580
610
737
1199
736
580
580
580
1190
737
580
580
580
581
580
580
580
581
580
580
611
736
580
581
580
580
580
581
1421
1048
580
581
580
580
580
581
580
580
581
580
580
580
610
737
610
736
581
580
1191
736
580
581
580
580
580
581
580
580
580
581
580
580
620
1346
736
581
580
619
2481
4526
2036
1049
580
580
580
581
580
580
580
602
736
580
580
581
592
736
1191
736
815
637
736
580
580
593
736
580
581
619
736
610
737
580
580
580
602
736
602
1337
737
580
580
593
736
580
580
581
610
736
581
580
580
610
7736
1732
1355
1355
737
580
1245
736
580
1173
736
580
619
736
581
580
580
580
581
580
580
580
581
682
736
1236
736
580
580
581
655
736
602
736
580
581
580
580
580
580
581
681
737
609
736
581
580
580
580
581
580
580
580
619
736
580
581
580
619
736
581
580
580
580
611
736
580
581
580
580
580
581
580
934
5235
1048
1898
1021
629
3883
1048
580
580
581
580
580
580
580
581
580
1245
736
580
648
230
580
580
580
581
580
620
736
580
580
580
581
1930
1048
581
580
580
580
580
580
620
736
611
736
601
737
580
580
580
580
581
580
580
580
581
580
580
580
581
1190
736
581
1404
1048
580
581
580
580
580
593
736
580
580
581
609
736
581
580
580
620
9213
736
1182
736
1948
1048
580
581
580
580
602
1346
737
580
580
682
736
581
580
580
580
580
581
580
580
593
736
580
570
612
736
580
581
580
611
1391
736
581
580
580
580
1199
737
580
3714
736
581
1130
736
581
1484
1048
581
580
580
1191
736
561
1387
1048
581
580
580
1182
736
580
581
601
826
581
580
580
580
581
580
1191
736
1446
1048
580
580
581
580
1173
736
593
1337
736
1173
736
580
581
673
737
580
580
580
580
581
592
737
580
580
580
580
656
736
581
691
736
580
553
647
736
581
580
580
580
581
580
580
580
581
4425
580
580
581
580
580
580
581
1298
736
580
580
581
580
1200
736
580
580
580
581
580
655
9488
736
580
580
580
1236
1338
1338
1355
737
580
580
580
611
1338
736
580
580
580
581
580
2586
2715
2055
1048
580
580
581
1191
736
580
580
1200
736
1191
834
1173
3882
1048
581
580
580
674
736
580
580
580
1173
736
1476
1048
580
1173
736
581
580
580
580
581
580
580
2002
1049
664
736
581
1181
3936
1048
581
580
580
580
580
580
581
580
664
737
1190
737
1190
737
561
1378
1048
619
737
580
552
621
736
580
580
581
580
580
580
581
1181
736
581
580
580
580
581
580
580
580
581
580
1200
736
580
580
581
580
580
580
1200
736
592
736
581
580
580
580
581
580
580
620
736
580
580
580
581
580
11546
736
1191
2104
1048
602
736
1182
736
580
581
580
580
580
922
646
736
581
580
580
580
581
580
580
581
580
580
1386
1048
1182
736
580
580
581
580
601
737
580
610
737
580
580
1182
736
611
736
580
580
581
580
580
580
581
580
580
580
593
736
1182
736
580
580
581
580
592
737
580
580
580
580
581
580
601
737
580
580
580
581
580
580
1385
1049
580
580
580
581
580
580
580
581
580
580
580
1350
1049
580
23850
8337
580
4784
737
580
580
1200
736
580
581
592
736
94507
655
736
1182
736
1191
1329
736
580
581
580
580
580
611
736
580
662
580
601
737
580
580
580
581
580
580
580
581
610
736
581
580
580
581
9606
580
581
610
2113
1048
1200
736
580
580
581
580
580
580
1182
1338
736
580
581
592
737
580
580
580
581
580
580
580
581
580
580
580
581
580
602
736
1200
736
580
580
581
1190
737
580
580
580
581
580
580
580
581
580
1236
736
580
581
580
580
580
581
580
580
581
580
610
737
144
601
1347
736
602
736
580
580
581
580
580
581
580
580
580
602
736
580
580
581
580
580
580
580
581
580
580
580
581
580
580
580
611
736
580
581
580
580
593
736
580
580
580
4310
1774
1048
580
580
581
580
580
580
859
581
601
736
581
580
580
580
581
580
619
736
581
580
580
580
580
581
580
580
581
580
1191
736
580
580
581
580
619
736
580
580
581
592
736
581
580
618
737
580
580
1350
1049
592
736
580
581
580
9565
1173
727
610
737
580
1173
736
601
737
601
736
581
580
580
580
581
580
580
552
845
736
581
580
580
580
581
580
903
736
581
580
580
580
581
580
580
620
736
580
580
581
619
737
580
580
580
581
580
580
580
611
736
581
580
580
580
581
580
580
580
581
580
580
580
581
580
580
580
581
580
580
601
736
580
581
580
580
580
581
580
580
580
581
580
580
580
581
580
580
580
581
580
862
3238
1627
1980
581
580
1556
1048
581
580
610
737
580
580
580
581
580
580
580
580
581
580
580
580
1405
1048
580
580
581
580
580
1173
736
580
580
1191
736
611
736
580
581
580
580
1966
1048
580
581
580
580
580
580
620
736
580
580
581
580
580
619
737
580
580
580
611
736
580
581
580
592
737
618
9128
736
580
611
1356
1328
737
580
1182
736
580
581
1199
737
580
580
580
581
580
580
580
1368
1048
580
1200
736
602
736
1173
736
580
580
581
592
736
581
580
580
580
581
619
2409
1663
2899
1049
580
580
580
581
580
580
580
580
581
580
580
581
580
580
1395
1048
724
580
580
581
580
580
602
736
580
1368
1049
610
736
581
580
580
580
581
580
580
580
602
736
580
580
581
580
580
581
580
580
580
581
580
580
580
581
1182
736
580
580
581
580
580
580
581
580
580
602
736
592
737
580
580
580
581
580
580
580
581
580
580
581
580
580
620
736
580
1503
736
580
581
580
580
1173
736
581
580
580
580
580
581
619
736
580
580
580
581
580
580
593
736
580
580
580
593
736
580
9152
580
1191
1329
1337
1356
736
580
581
580
580
580
602
736
580
581
580
580
580
581
580
2855
1486
3246
2001
1115
2739
2046
2037
1980
580
580
580
581
580
580
580
581
580
580
580
581
1200
736
592
737
580
580
580
581
580
580
580
581
580
580
580
581
601
737
1172
737
580
580
580
581
580
580
620
736
580
580
581
580
580
581
610
736
593
736
580
581
580
580
580
581
580
592
1329
736
581
580
580
580
581
580
580
580
581
580
580
581
580
580
580
581
580
580
580
662
737
592
736
581
580
580
580
581
580
580
580
581
580
610
736
580
581
580
580
580
581
619
736
580
580
581
662
736
580
580
602
736
580
581
580
580
580
581
592
736
581
580
580
580
581
580
9106
1200
736
1199
1337
736
580
580
581
580
580
1276
737
580
580
1182
736
581
580
580
1377
1048
602
736
580
602
736
580
580
581
580
580
580
581
619
736
580
581
580
1200
736
580
580
581
610
1338
736
581
580
580
580
580
619
766
1049
580
580
610
736
593
736
580
581
580
580
580
580
581
580
580
580
581
580
580
580
581
580
580
580
580
581
727
736
580
580
581
580
580
580
581
580
580
580
581
580
580
580
581
580
580
580
581
1984
1048
580
581
580
619
736
580
1191
736
581
580
580
602
736
619
736
580
580
580
581
580
580
580
581
580
580
580
581
580
580
580
593
736
580
581
580
580
580
602
736
907
736
580
581
3094
736
580
580
581
580
580
581
580
619
737
580
580
580
581
580
9054
736
580
572
619
737
1199
1355
1355
737
580
580
580
581
580
580
602
736
580
580
581
580
580
581
580
580
580
580
581
580
580
580
581
580
1377
1048
593
736
580
580
581
580
580
580
580
581
580
580
580
593
736
580
581
1199
737
580
592
2114
1048
580
580
581
580
580
593
736
580
580
580
581
580
580
580
581
580
592
1329
736
580
581
580
580
580
580
581
580
580
580
581
580
580
580
581
580
580
580
581
580
580
611
736
580
580
581
580
580
580
580
581
580
561
1413
1658
736
2470
736
580
580
1866
736
580
580
580
581
580
580
581
580
580
580
581
580
580
580
619
736
581
580
601
1097
1191
736
580
611
736
580
602
736
602
736
580
580
593
1356
736
580
580
581
592
736
581
580
580
610
737
580
9376
580
620
2077
1048
580
581
580
619
736
580
580
602
736
580
581
618
737
580
580
580
581
580
580
580
1424
736
581
580
580
580
581
580
580
580
581
610
736
611
736
580
581
580
580
580
581
580
611
736
618
737
580
580
580
581
580
580
580
580
581
580
580
580
581
580
580
610
736
581
580
601
737
580
580
580
581
580
580
580
602
736
580
581
580
580
580
580
581
580
619
4044
2902
1980
581
580
580
581
580
580
602
736
580
1173
736
580
581
580
601
737
580
580
620
736
580
1112
580
580
580
581
580
580
580
581
592
737
609
736
581
580
580
580
581
580
580
619
736
581
580
580
602
736
580
602
736
580
580
581
580
580
580
581
610
736
581
580
580
580
581
610
736
581
580
592
737
619
736
581
580
580
9643
580
1407
1337
737
601
736
581
580
580
580
581
580
580
580
581
1415
736
1173
737
580
580
580
581
580
580
580
581
580
580
580
581
580
580
580
581
580
580
580
581
580
580
593
736
580
580
581
580
580
580
581
580
593
736
580
580
581
580
601
737
592
736
1173
736
581
580
592
737
580
580
580
581
580
619
736
580
581
580
580
593
736
1182
736
580
581
580
906
581
580
580
2335
736
1695
736
581
1267
1347
1356
736
580
580
581
580
580
580
581
592
736
581
580
619
737
580
580
1161
580
580
581
580
601
737
619
736
581
580
619
737
580
580
580
581
580
580
580
581
580
619
736
580
581
580
580
580
581
580
580
580
581
580
580
580
580
581
580
580
580
580
581
618
737
580
580
580
581
580
580
580
9319
1182
1355
1329
736
580
581
571
602
736
580
580
580
581
580
580
580
580
581
580
580
580
581
580
580
580
1811
6371
1667
1355
736
580
580
581
580
580
580
581
580
580
580
581
580
580
580
581
580
580
581
580
580
593
736
580
602
736
580
859
580
580
581
580
580
611
736
580
580
1191
736
581
580
611
736
580
580
581
580
1173
736
580
580
581
592
736
581
580
611
736
580
580
580
581
580
580
580
581
580
580
580
581
580
580
581
580
580
580
581
580
580
580
581
580
580
580
617
580
581
580
592
737
592
736
581
580
1191
736
580
580
580
581
580
580
636
736
580
580
581
580
580
580
593
736
580
620
736
580
1200
736
580
580
580
581
580
580
580
581
580
580
580
581
580
580
580
581
118529
736
593
736
1200
9273
1173
736
1200
736
610
736
581
610
736
580
580
581
580
601
737
1173
736
580
1182
736
580
1200
736
580
581
580
580
580
581
1190
737
1172
737
580
580
580
581
580
580
580
581
580
580
580
581
580
619
1355
737
580
580
580
580
145
580
580
580
581
1181
737
580
580
580
581
580
580
580
581
580
580
580
581
580
580
1173
736
580
581
1423
736
580
580
581
580
592
737
580
580
580
581
580
887
580
425
463
580
437
646
736
425
424
424
424
446
580
861
580
903
75
580
424
425
454
580
464
580
424
425
445
580
425
445
593
736
424
425
424
463
581
424
1127
2264
736
425
436
581
424
445
581
454
580
446
580
437
610
737
436
580
425
463
1465
1703
1048
424
425
436
580
524
424
454
552
1128
737
445
580
446
580
878
581
424
445
581
436
581
445
580
463
580
425
436
581
454
580
581
580
8577
580
580
1414
3927
1650
736
581
580
580
581
580
580
602
736
580
580
581
580
580
581
580
580
580
581
580
580
580
580
611
736
580
580
581
580
580
580
580
581
580
580
580
808
737
580
580
580
581
580
580
580
581
1199
736
580
581
580
580
580
580
581
580
580
580
593
736
580
581
580
592
737
580
580
580
580
581
580
618
737
580
619
737
580
593
736
580
580
581
580
4310
736
581
580
580
580
581
580
580
602
736
592
737
580
580
1890
736
601
737
580
580
580
581
968
581
580
580
581
580
580
580
581
580
580
580
581
1182
736
580
580
3089
2055
1048
580
611
736
580
580
581
580
1182
736
580
580
619
737
580
580
580
593
736
9174
580
580
1182
1329
736
1191
736
580
580
581
1397
736
581
580
580
580
602
736
593
736
580
580
581
580
611
736
580
580
1182
736
581
619
736
602
736
580
581
580
601
737
580
592
737
580
580
580
581
580
580
1182
736
593
736
580
581
580
580
580
581
580
580
580
581
580
580
602
736
610
1616
1843
2901
1048
580
1182
736
1236
736
580
581
580
602
736
619
737
580
580
1190
736
581
580
580
580
880
736
593
736
580
581
580
580
580
581
619
1338
736
580
581
580
580
580
611
736
580
580
581
592
737
580
580
580
580
581
580
580
580
581
580
580
580
581
580
602
736
619
736
580
581
580
580
580
593
736
580
580
580
581
580
580
602
736
580
1200
736
8603
1190
3846
1667
1338
736
580
580
580
593
736
1992
1049
580
580
580
581
580
580
602
736
580
580
581
580
580
580
602
736
580
580
581
580
580
1200
736
601
736
580
581
580
580
580
580
581
580
580
580
580
581
580
580
580
581
580
580
580
581
3858
736
581
580
580
580
581
580
580
580
581
580
580
581
580
619
1428
736
619
736
580
580
593
736
580
580
581
580
580
580
610
737
580
580
620
736
580
580
580
619
736
581
580
580
580
602
736
580
611
736
580
580
581
580
580
580
580
1182
736
581
580
580
580
593
736
580
581
580
1172
737
580
580
580
581
580
580
611
736
580
580
580
581
580
580
580
580
581
610
736
580
581
592
736
581
580
580
580
581
619
736
593
736
580
581
580
580
593
736
580
581
580
580
9180
1948
1650
736
581
1441
736
581
580
580
580
593
736
580
580
581
580
580
602
736
4309
736
581
580
580
580
581
580
601
737
580
580
580
581
580
580
581
580
1236
2117
1048
580
602
736
610
737
580
580
580
581
592
736
581
580
580
581
580
580
580
620
736
580
581
580
580
580
581
580
580
580
581
580
580
611
736
580
580
602
736
580
581
580
1377
1048
581
580
580
580
581
580
1173
736
580
580
581
580
580
1254
736
581
580
619
736
620
736
580
580
580
602
736
580
581
592
736
581
580
580
580
610
737
580
580
580
580
581
580
580
580
581
580
580
580
581
580
580
580
580
581
580
580
580
581
580
580
580
593
736
580
581
580
580
580
581
610
736
581
580
580
580
581
580
580
593
736
580
611
9396
3199
2030
1048
1958
1667
736
679
581
580
1200
736
580
581
580
619
736
581
580
1190
736
580
581
580
580
580
611
736
593
736
580
581
580
580
580
581
610
736
580
580
581
580
580
580
581
580
580
580
580
581
580
580
580
581
1191
736
580
580
581
580
601
737
601
736
581
580
601
737
580
580
580
581
580
580
580
581
580
580
580
581
580
580
581
580
580
580
581
580
580
580
581
580
745
736
581
580
602
736
580
580
581
580
580
580
581
601
736
580
581
580
580
581
580
580
580
581
580
602
736
580
620
736
580
580
593
736
580
581
580
580
580
581
580
580
581
580
580
602
736
580
580
581
580
610
737
580
592
737
580
580
580
581
580
611
1646
1915
10074
1980
1957
1659
736
611
736
580
580
580
581
580
580
580
581
580
580
581
580
580
580
581
1424
1329
1329
736
580
580
581
580
1182
736
602
736
580
580
581
580
580
580
1182
736
602
811
1048
580
580
581
580
580
581
580
580
580
619
737
580
580
580
581
1190
737
580
611
736
580
580
581
580
580
581
619
736
580
581
580
602
736
619
794
1048
580
580
581
580
619
736
580
580
581
619
1355
737
580
580
1191
736
580
581
580
1200
784
1048
581
580
580
580
581
580
619
736
562
638
736
4309
736
580
580
581
580
580
593
736
580
580
581
580
580
581
580
1173
736
580
580
580
581
580
580
581
580
580
580
562
611
736
581
580
580
580
1286
736
859
580
580
580
581
580
610
737
580
8985
580
620
736
580
580
581
580
1966
1918
736
593
736
592
736
581
580
619
1329
737
580
580
1191
736
602
736
580
593
736
580
580
581
580
580
581
580
580
580
581
580
580
580
593
736
620
736
580
580
581
835
736
580
580
581
601
736
581
580
619
737
580
580
580
581
580
580
611
736
580
581
580
580
580
580
581
580
580
580
581
580
580
580
581
580
580
1182
736
580
581
580
580
580
581
580
580
580
619
2329
4686
1980
581
580
580
580
581
580
580
620
736
580
581
580
580
580
890
736
580
580
581
580
592
737
580
580
580
581
609
737
580
580
580
581
601
736
581
580
580
580
581
580
580
580
602
736
580
1191
736
581
601
736
602
736
580
602
3908
1049
580
9555
580
1182
1338
736
619
736
580
580
581
1415
736
581
580
580
580
581
580
580
580
580
581
580
580
580
581
610
736
581
580
601
737
610
736
581
580
580
580
611
736
580
611
736
580
581
580
580
580
593
1355
736
619
737
580
580
581
580
619
737
580
580
580
1161
580
581
619
736
581
580
580
580
4751
737
580
580
580
581
580
580
580
581
580
580
580
580
602
736
580
581
580
580
580
1138
581
1199
736
610
736
581
1199
1347
737
580
580
580
581
580
580
580
620
736
620
736
580
581
601
736
581
580
1254
736
580
580
580
581
610
736
581
580
592
737
580
580
580
581
580
580
611
736
580
580
580
581
580
580
580
580
581
580
601
737
580
580
580
581
580
580
620
119058
1355
726
630
1328
1338
9004
1347
1338
1337
737
580
1433
736
593
736
580
580
581
580
580
580
581
580
580
580
580
581
580
580
580
1182
1338
736
581
580
580
580
581
610
3710
1222
1980
580
581
580
580
580
581
580
580
581
580
580
580
581
580
580
620
736
580
580
580
581
580
580
1182
736
580
581
580
580
580
581
580
580
580
611
1329
736
1173
736
580
581
619
736
580
581
580
580
1191
736
580
581
618
737
580
1191
736
580
580
580
1173
736
581
580
580
580
593
736
665
736
580
602
736
610
1338
736
580
581
580
580
581
580
580
580
580
581
580
580
580
581
580
580
580
580
581
580
580
580
580
581
580
580
1289
736
580
581
580
580
580
580
593
736
580
581
580
580
580
580
581
580
580
580
581
2082
737
9786
736
580
1200
736
580
593
1572
736
581
580
913
580
580
580
581
580
580
580
581
580
580
610
737
580
580
580
593
736
580
580
581
580
580
580
581
580
580
580
581
580
580
580
611
736
580
620
736
580
581
580
580
580
620
736
580
580
581
580
580
580
580
581
580
580
580
581
580
580
580
580
581
580
580
580
581
580
580
580
580
602
736
580
581
580
580
580
580
581
580
580
656
736
580
580
580
581
580
580
580
581
580
580
580
581
580
1182
736
580
580
581
580
580
580
580
581
580
580
580
581
580
601
736
602
736
580
581
580
580
580
581
580
580
580
580
581
580
580
580
580
581
580
580
580
581
580
601
737
580
580
580
581
580
580
619
1351
2345
3059
1048
580
581
1190
737
580
580
580
581
580
580
620
736
1012
581
580
580
581
580
580
580
8503
1190
736
580
581
580
580
580
580
581
580
580
580
581
580
580
580
581
580
580
580
581
580
602
736
580
580
580
581
580
580
581
1172
737
580
580
580
581
601
736
581
601
736
611
736
580
581
601
1419
736
619
736
580
580
581
580
580
580
581
580
580
580
1200
737
580
580
1191
736
580
581
580
580
580
581
580
611
736
580
580
581
580
580
580
581
580
580
611
736
580
580
581
601
736
580
581
619
736
581
580
580
580
581
580
580
580
580
581
580
3823
736
580
581
580
580
580
581
580
610
737
580
580
1552
1316
580
581
580
580
580
1182
736
1012
581
580
580
580
581
601
736
580
581
580
580
581
580
601
737
580
610
737
1191
736
580
1200
736
580
620
736
580
580
580
619
8891
1347
1356
1588
1356
736
580
580
581
601
736
581
580
580
580
581
580
580
580
581
580
580
580
581
580
580
580
581
580
580
581
1172
737
619
736
581
1172
737
619
736
581
580
580
580
581
580
580
580
1200
736
601
737
580
580
580
581
580
580
580
580
611
736
580
581
580
580
580
580
581
580
580
580
602
736
620
736
580
580
581
580
580
580
593
736
580
580
580
581
580
1713
4840
1048
581
619
736
581
580
580
580
611
736
580
580
581
580
706
580
581
580
1200
736
580
580
581
580
580
580
581
580
580
580
581
580
593
736
601
737
580
580
580
1173
736
593
736
580
580
581
580
580
580
581
580
580
580
581
580
580
580
581
580
580
581
551
639
736
580
580
581
580
580
580
581
1199
9554
